area,bbox_w,bbox_h,extent,aspect_ratio,mean_intensity,std_intensity,contrast,label
100.0,10.0,10.0,1.0,1.0,255.0,0.0,215.0,1
100.0,10.0,10.0,1.0,1.0,255.0,0.0,215.0,1
100.0,10.0,10.0,1.0,1.0,255.0,0.0,215.0,1
100.0,10.0,10.0,1.0,1.0,255.0,0.0,215.0,1
100.0,10.0,10.0,1.0,1.0,255.0,0.0,215.0,1
100.0,10.0,10.0,1.0,1.0,255.0,0.0,215.0,1
100.0,10.0,10.0,1.0,1.0,255.0,0.0,215.0,1
100.0,10.0,10.0,1.0,1.0,255.0,0.0,215.0,1
100.0,10.0,10.0,1.0,1.0,255.0,0.0,215.0,1
100.0,10.0,10.0,1.0,1.0,255.0,0.0,215.0,1
100.0,10.0,10.0,1.0,1.0,255.0,0.0,215.0,1
100.0,10.0,10.0,1.0,1.0,255.0,0.0,215.0,1
100.0,10.0,10.0,1.0,1.0,255.0,0.0,215.0,1
100.0,10.0,10.0,1.0,1.0,255.0,0.0,215.0,1
100.0,10.0,10.0,1.0,1.0,255.0,0.0,215.0,1
100.0,10.0,10.0,1.0,1.0,255.0,0.0,215.0,1
100.0,10.0,10.0,1.0,1.0,255.0,0.0,215.0,1
100.0,10.0,10.0,1.0,1.0,255.0,0.0,215.0,1
100.0,10.0,10.0,1.0,1.0,255.0,0.0,215.0,1
100.0,10.0,10.0,1.0,1.0,255.0,0.0,215.0,1
100.0,10.0,10.0,1.0,1.0,255.0,0.0,215.0,1
100.0,10.0,10.0,1.0,1.0,255.0,0.0,215.0,1
100.0,10.0,10.0,1.0,1.0,255.0,0.0,215.0,1
100.0,10.0,10.0,1.0,1.0,255.0,0.0,215.0,1
100.0,10.0,10.0,1.0,1.0,255.0,0.0,215.0,1
100.0,10.0,10.0,1.0,1.0,255.0,0.0,215.0,1
100.0,10.0,10.0,1.0,1.0,255.0,0.0,215.0,1
100.0,10.0,10.0,1.0,1.0,255.0,0.0,215.0,1
100.0,10.0,10.0,1.0,1.0,255.0,0.0,215.0,1
100.0,10.0,10.0,1.0,1.0,255.0,0.0,215.0,1
100.0,10.0,10.0,1.0,1.0,255.0,0.0,215.0,1
100.0,10.0,10.0,1.0,1.0,255.0,0.0,215.0,1
100.0,10.0,10.0,1.0,1.0,255.0,0.0,215.0,1
100.0,10.0,10.0,1.0,1.0,255.0,0.0,215.0,1
100.0,10.0,10.0,1.0,1.0,255.0,0.0,215.0,1
100.0,10.0,10.0,1.0,1.0,255.0,0.0,215.0,1
100.0,10.0,10.0,1.0,1.0,255.0,0.0,215.0,1
100.0,10.0,10.0,1.0,1.0,255.0,0.0,215.0,1
100.0,10.0,10.0,1.0,1.0,255.0,0.0,215.0,1
100.0,10.0,10.0,1.0,1.0,255.0,0.0,215.0,1
100.0,10.0,10.0,1.0,1.0,208.0,0.0,150.0,1
100.0,10.0,10.0,1.0,1.0,208.0,0.0,150.0,1
100.0,10.0,10.0,1.0,1.0,208.0,0.0,150.0,1
100.0,10.0,10.0,1.0,1.0,208.0,0.0,150.0,1
100.0,10.0,10.0,1.0,1.0,208.0,0.0,150.0,1
100.0,10.0,10.0,1.0,1.0,208.0,0.0,150.0,1
100.0,10.0,10.0,1.0,1.0,208.0,0.0,150.0,1
100.0,10.0,10.0,1.0,1.0,208.0,0.0,150.0,1
100.0,10.0,10.0,1.0,1.0,208.0,0.0,150.0,1
100.0,10.0,10.0,1.0,1.0,208.0,0.0,150.0,1
100.0,10.0,10.0,1.0,1.0,208.0,0.0,150.0,1
100.0,10.0,10.0,1.0,1.0,208.0,0.0,150.0,1
100.0,10.0,10.0,1.0,1.0,208.0,0.0,150.0,1
100.0,10.0,10.0,1.0,1.0,208.0,0.0,150.0,1
100.0,10.0,10.0,1.0,1.0,208.0,0.0,150.0,1
100.0,10.0,10.0,1.0,1.0,208.0,0.0,150.0,1
100.0,10.0,10.0,1.0,1.0,208.0,0.0,150.0,1
100.0,10.0,10.0,1.0,1.0,208.0,0.0,150.0,1
100.0,10.0,10.0,1.0,1.0,208.0,0.0,150.0,1
100.0,10.0,10.0,1.0,1.0,208.0,0.0,150.0,1
100.0,10.0,10.0,1.0,1.0,208.0,0.0,150.0,1
100.0,10.0,10.0,1.0,1.0,208.0,0.0,150.0,1
100.0,10.0,10.0,1.0,1.0,208.0,0.0,150.0,1
100.0,10.0,10.0,1.0,1.0,208.0,0.0,150.0,1
100.0,10.0,10.0,1.0,1.0,208.0,0.0,150.0,1
100.0,10.0,10.0,1.0,1.0,208.0,0.0,150.0,1
100.0,10.0,10.0,1.0,1.0,208.0,0.0,150.0,1
100.0,10.0,10.0,1.0,1.0,208.0,0.0,150.0,1
100.0,10.0,10.0,1.0,1.0,208.0,0.0,150.0,1
100.0,10.0,10.0,1.0,1.0,208.0,0.0,150.0,1
100.0,10.0,10.0,1.0,1.0,208.0,0.0,150.0,1
100.0,10.0,10.0,1.0,1.0,208.0,0.0,150.0,1
100.0,10.0,10.0,1.0,1.0,208.0,0.0,150.0,1
100.0,10.0,10.0,1.0,1.0,208.0,0.0,150.0,1
100.0,10.0,10.0,1.0,1.0,208.0,0.0,150.0,1
100.0,10.0,10.0,1.0,1.0,208.0,0.0,150.0,1
100.0,10.0,10.0,1.0,1.0,208.0,0.0,150.0,1
100.0,10.0,10.0,1.0,1.0,208.0,0.0,150.0,1
100.0,10.0,10.0,1.0,1.0,208.0,0.0,150.0,1
100.0,10.0,10.0,1.0,1.0,208.0,0.0,150.0,1
100.0,10.0,10.0,1.0,1.0,182.0,0.0,107.0,1
100.0,10.0,10.0,1.0,1.0,182.0,0.0,107.0,1
100.0,10.0,10.0,1.0,1.0,182.0,0.0,107.0,1
100.0,10.0,10.0,1.0,1.0,182.0,0.0,107.0,1
100.0,10.0,10.0,1.0,1.0,182.0,0.0,107.0,1
100.0,10.0,10.0,1.0,1.0,182.0,0.0,107.0,1
100.0,10.0,10.0,1.0,1.0,182.0,0.0,107.0,1
100.0,10.0,10.0,1.0,1.0,182.0,0.0,107.0,1
100.0,10.0,10.0,1.0,1.0,182.0,0.0,107.0,1
100.0,10.0,10.0,1.0,1.0,182.0,0.0,107.0,1
100.0,10.0,10.0,1.0,1.0,182.0,0.0,107.0,1
100.0,10.0,10.0,1.0,1.0,182.0,0.0,107.0,1
100.0,10.0,10.0,1.0,1.0,182.0,0.0,107.0,1
100.0,10.0,10.0,1.0,1.0,182.0,0.0,107.0,1
100.0,10.0,10.0,1.0,1.0,182.0,0.0,107.0,1
100.0,10.0,10.0,1.0,1.0,182.0,0.0,107.0,1
100.0,10.0,10.0,1.0,1.0,182.0,0.0,107.0,1
100.0,10.0,10.0,1.0,1.0,182.0,0.0,107.0,1
100.0,10.0,10.0,1.0,1.0,182.0,0.0,107.0,1
100.0,10.0,10.0,1.0,1.0,182.0,0.0,107.0,1
100.0,10.0,10.0,1.0,1.0,182.0,0.0,107.0,1
100.0,10.0,10.0,1.0,1.0,182.0,0.0,107.0,1
100.0,10.0,10.0,1.0,1.0,182.0,0.0,107.0,1
100.0,10.0,10.0,1.0,1.0,182.0,0.0,107.0,1
100.0,10.0,10.0,1.0,1.0,182.0,0.0,107.0,1
100.0,10.0,10.0,1.0,1.0,182.0,0.0,107.0,1
100.0,10.0,10.0,1.0,1.0,182.0,0.0,107.0,1
100.0,10.0,10.0,1.0,1.0,182.0,0.0,107.0,1
100.0,10.0,10.0,1.0,1.0,182.0,0.0,107.0,1
100.0,10.0,10.0,1.0,1.0,182.0,0.0,107.0,1
100.0,10.0,10.0,1.0,1.0,182.0,0.0,107.0,1
100.0,10.0,10.0,1.0,1.0,182.0,0.0,107.0,1
100.0,10.0,10.0,1.0,1.0,182.0,0.0,107.0,1
100.0,10.0,10.0,1.0,1.0,182.0,0.0,107.0,1
100.0,10.0,10.0,1.0,1.0,182.0,0.0,107.0,1
100.0,10.0,10.0,1.0,1.0,182.0,0.0,107.0,1
100.0,10.0,10.0,1.0,1.0,182.0,0.0,107.0,1
100.0,10.0,10.0,1.0,1.0,182.0,0.0,107.0,1
100.0,10.0,10.0,1.0,1.0,182.0,0.0,107.0,1
100.0,10.0,10.0,1.0,1.0,182.0,0.0,107.0,1
100.0,10.0,10.0,1.0,1.0,181.0,0.0,161.0,1
100.0,10.0,10.0,1.0,1.0,181.0,0.0,161.0,1
100.0,10.0,10.0,1.0,1.0,181.0,0.0,161.0,1
100.0,10.0,10.0,1.0,1.0,181.0,0.0,161.0,1
100.0,10.0,10.0,1.0,1.0,181.0,0.0,161.0,1
100.0,10.0,10.0,1.0,1.0,181.0,0.0,161.0,1
100.0,10.0,10.0,1.0,1.0,181.0,0.0,161.0,1
100.0,10.0,10.0,1.0,1.0,181.0,0.0,161.0,1
100.0,10.0,10.0,1.0,1.0,181.0,0.0,161.0,1
100.0,10.0,10.0,1.0,1.0,181.0,0.0,161.0,1
100.0,10.0,10.0,1.0,1.0,181.0,0.0,161.0,1
100.0,10.0,10.0,1.0,1.0,181.0,0.0,161.0,1
100.0,10.0,10.0,1.0,1.0,181.0,0.0,161.0,1
100.0,10.0,10.0,1.0,1.0,181.0,0.0,161.0,1
100.0,10.0,10.0,1.0,1.0,181.0,0.0,161.0,1
100.0,10.0,10.0,1.0,1.0,181.0,0.0,161.0,1
100.0,10.0,10.0,1.0,1.0,181.0,0.0,161.0,1
100.0,10.0,10.0,1.0,1.0,181.0,0.0,161.0,1
100.0,10.0,10.0,1.0,1.0,181.0,0.0,161.0,1
100.0,10.0,10.0,1.0,1.0,181.0,0.0,161.0,1
100.0,10.0,10.0,1.0,1.0,181.0,0.0,161.0,1
100.0,10.0,10.0,1.0,1.0,181.0,0.0,161.0,1
100.0,10.0,10.0,1.0,1.0,181.0,0.0,161.0,1
100.0,10.0,10.0,1.0,1.0,181.0,0.0,161.0,1
100.0,10.0,10.0,1.0,1.0,181.0,0.0,161.0,1
100.0,10.0,10.0,1.0,1.0,181.0,0.0,161.0,1
100.0,10.0,10.0,1.0,1.0,181.0,0.0,161.0,1
100.0,10.0,10.0,1.0,1.0,181.0,0.0,161.0,1
100.0,10.0,10.0,1.0,1.0,181.0,0.0,161.0,1
100.0,10.0,10.0,1.0,1.0,181.0,0.0,161.0,1
100.0,10.0,10.0,1.0,1.0,181.0,0.0,161.0,1
100.0,10.0,10.0,1.0,1.0,181.0,0.0,161.0,1
100.0,10.0,10.0,1.0,1.0,181.0,0.0,161.0,1
100.0,10.0,10.0,1.0,1.0,181.0,0.0,161.0,1
100.0,10.0,10.0,1.0,1.0,181.0,0.0,161.0,1
100.0,10.0,10.0,1.0,1.0,181.0,0.0,161.0,1
100.0,10.0,10.0,1.0,1.0,181.0,0.0,161.0,1
100.0,10.0,10.0,1.0,1.0,181.0,0.0,161.0,1
100.0,10.0,10.0,1.0,1.0,181.0,0.0,161.0,1
100.0,10.0,10.0,1.0,1.0,181.0,0.0,161.0,1
100.0,10.0,10.0,1.0,1.0,70.0,0.0,70.0,1
100.0,10.0,10.0,1.0,1.0,70.0,0.0,70.0,1
100.0,10.0,10.0,1.0,1.0,70.0,0.0,70.0,1
100.0,10.0,10.0,1.0,1.0,70.0,0.0,70.0,1
100.0,10.0,10.0,1.0,1.0,70.0,0.0,70.0,1
100.0,10.0,10.0,1.0,1.0,70.0,0.0,70.0,1
100.0,10.0,10.0,1.0,1.0,70.0,0.0,70.0,1
100.0,10.0,10.0,1.0,1.0,70.0,0.0,70.0,1
100.0,10.0,10.0,1.0,1.0,70.0,0.0,70.0,1
100.0,10.0,10.0,1.0,1.0,70.0,0.0,70.0,1
100.0,10.0,10.0,1.0,1.0,70.0,0.0,70.0,1
100.0,10.0,10.0,1.0,1.0,70.0,0.0,70.0,1
100.0,10.0,10.0,1.0,1.0,70.0,0.0,70.0,1
100.0,10.0,10.0,1.0,1.0,70.0,0.0,70.0,1
100.0,10.0,10.0,1.0,1.0,70.0,0.0,70.0,1
100.0,10.0,10.0,1.0,1.0,70.0,0.0,70.0,1
100.0,10.0,10.0,1.0,1.0,70.0,0.0,70.0,1
100.0,10.0,10.0,1.0,1.0,70.0,0.0,70.0,1
100.0,10.0,10.0,1.0,1.0,70.0,0.0,70.0,1
100.0,10.0,10.0,1.0,1.0,70.0,0.0,70.0,1
100.0,10.0,10.0,1.0,1.0,70.0,0.0,70.0,1
100.0,10.0,10.0,1.0,1.0,70.0,0.0,70.0,1
100.0,10.0,10.0,1.0,1.0,70.0,0.0,70.0,1
100.0,10.0,10.0,1.0,1.0,70.0,0.0,70.0,1
100.0,10.0,10.0,1.0,1.0,70.0,0.0,70.0,1
100.0,10.0,10.0,1.0,1.0,70.0,0.0,70.0,1
100.0,10.0,10.0,1.0,1.0,70.0,0.0,70.0,1
100.0,10.0,10.0,1.0,1.0,70.0,0.0,70.0,1
100.0,10.0,10.0,1.0,1.0,70.0,0.0,70.0,1
100.0,10.0,10.0,1.0,1.0,70.0,0.0,70.0,1
100.0,10.0,10.0,1.0,1.0,70.0,0.0,70.0,1
100.0,10.0,10.0,1.0,1.0,70.0,0.0,70.0,1
100.0,10.0,10.0,1.0,1.0,70.0,0.0,70.0,1
100.0,10.0,10.0,1.0,1.0,70.0,0.0,70.0,1
100.0,10.0,10.0,1.0,1.0,70.0,0.0,70.0,1
100.0,10.0,10.0,1.0,1.0,70.0,0.0,70.0,1
100.0,10.0,10.0,1.0,1.0,70.0,0.0,70.0,1
100.0,10.0,10.0,1.0,1.0,70.0,0.0,70.0,1
100.0,10.0,10.0,1.0,1.0,70.0,0.0,70.0,1
100.0,10.0,10.0,1.0,1.0,70.0,0.0,70.0,1
2.0,2.0,1.0,1.0,2.0,53.0,2.0,14.0,0
2.0,1.0,2.0,1.0,0.5,52.0,4.0,13.0,0
2.0,1.0,2.0,1.0,0.5,41.0,0.0,2.0,0
2.0,2.0,2.0,0.5,1.0,48.5,3.5,8.5,0
6.0,3.0,3.0,0.6666666666666666,1.0,47.666666666666664,6.472162612982533,7.666666666666664,0
2.0,2.0,1.0,1.0,2.0,41.5,1.5,1.5,0
2.0,2.0,1.0,1.0,2.0,50.5,10.5,10.5,0
2.0,2.0,1.0,1.0,2.0,51.5,3.5,11.5,0
5.0,2.0,5.0,0.5,0.4,51.8,7.166589146867566,11.799999999999997,0
4.0,2.0,4.0,0.5,0.5,49.5,6.103277807866851,10.5,0
2.0,2.0,1.0,1.0,2.0,51.5,7.5,12.5,0
2.0,2.0,1.0,1.0,2.0,41.5,1.5,2.5,0
3.0,2.0,2.0,0.75,1.0,50.666666666666664,8.178562764256865,11.666666666666664,0
4.0,3.0,3.0,0.4444444444444444,1.0,51.75,8.98262211161084,12.75,0
2.0,1.0,2.0,1.0,0.5,56.5,9.5,17.5,0
2.0,2.0,2.0,0.5,1.0,41.0,1.0,1.0,0
2.0,2.0,1.0,1.0,2.0,45.0,5.0,5.0,0
2.0,2.0,1.0,1.0,2.0,46.0,3.0,6.0,0
3.0,2.0,3.0,0.5,0.6666666666666666,52.0,8.286535263104035,12.0,0
2.0,2.0,2.0,0.5,1.0,50.0,2.0,10.0,0
6.0,3.0,4.0,0.5,0.75,44.833333333333336,2.608745973749755,4.833333333333336,0
4.0,3.0,3.0,0.4444444444444444,1.0,53.75,10.985786271359915,14.75,0
2.0,2.0,1.0,1.0,2.0,52.0,6.0,13.0,0
4.0,4.0,2.0,0.5,2.0,50.5,4.769696007084728,11.5,0
2.0,1.0,2.0,1.0,0.5,45.0,2.0,6.0,0
7.0,6.0,3.0,0.3888888888888889,2.0,49.0,4.780914437337574,10.0,0
6.0,5.0,3.0,0.4,1.6666666666666667,46.666666666666664,5.312459150169743,7.666666666666664,0
4.0,2.0,3.0,0.6666666666666666,0.6666666666666666,51.5,3.905124837953327,11.5,0
5.0,2.0,3.0,0.8333333333333334,0.6666666666666666,42.6,2.65329983228432,2.6000000000000014,0
3.0,2.0,3.0,0.5,0.6666666666666666,46.0,2.160246899469287,6.0,0
2.0,1.0,2.0,1.0,0.5,50.0,2.0,10.0,0
2.0,2.0,1.0,1.0,2.0,42.5,1.5,2.5,0
2.0,1.0,2.0,1.0,0.5,48.5,4.5,8.5,0
2.0,2.0,2.0,0.5,1.0,49.0,9.0,10.0,0
4.0,3.0,2.0,0.6666666666666666,1.5,44.25,2.7726341266023544,5.25,0
2.0,1.0,2.0,1.0,0.5,47.0,3.0,8.0,0
3.0,3.0,2.0,0.5,1.5,42.0,1.632993161855452,3.0,0
7.0,3.0,4.0,0.5833333333333334,0.75,47.857142857142854,6.8123537243236365,8.857142857142854,0
2.0,1.0,2.0,1.0,0.5,51.5,9.5,12.5,0
2.0,1.0,2.0,1.0,0.5,53.0,10.0,13.0,0
2.0,2.0,1.0,1.0,2.0,44.0,4.0,4.0,0
4.0,3.0,2.0,0.6666666666666666,1.5,50.75,14.113380176272443,10.75,0
5.0,3.0,3.0,0.5555555555555556,1.0,50.8,7.35934779718964,10.799999999999997,0
12.0,5.0,7.0,0.34285714285714286,0.7142857142857143,54.583333333333336,10.086776271711173,14.583333333333336,0
5.0,3.0,5.0,0.3333333333333333,0.6,49.0,7.848566748139434,9.0,0
3.0,2.0,3.0,0.5,0.6666666666666666,44.666666666666664,1.8856180831641267,4.666666666666664,0
2.0,1.0,2.0,1.0,0.5,47.0,3.0,7.0,0
3.0,2.0,2.0,0.75,1.0,50.0,9.092121131323903,10.0,0
2.0,1.0,2.0,1.0,0.5,46.5,5.5,7.5,0
3.0,2.0,2.0,0.75,1.0,50.0,5.0990195135927845,11.0,0
2.0,1.0,2.0,1.0,0.5,50.0,1.0,11.0,0
2.0,2.0,1.0,1.0,2.0,42.5,0.5,2.5,0
4.0,3.0,2.0,0.6666666666666666,1.5,43.25,3.418698582794336,3.25,0
4.0,3.0,2.0,0.6666666666666666,1.5,53.5,10.428326807307105,13.5,0
3.0,1.0,3.0,1.0,0.3333333333333333,48.0,5.354126134736337,9.0,0
7.0,3.0,4.0,0.5833333333333334,0.75,47.857142857142854,5.3030603409344526,8.857142857142854,0
4.0,4.0,1.0,1.0,4.0,49.0,5.612486080160912,10.0,0
2.0,2.0,1.0,1.0,2.0,45.5,2.5,5.5,0
9.0,5.0,3.0,0.6,1.6666666666666667,47.44444444444444,5.775640630385345,7.444444444444443,0
15.0,7.0,5.0,0.42857142857142855,1.4,49.8,6.273754856543249,9.799999999999997,0
2.0,2.0,2.0,0.5,1.0,48.5,4.5,9.5,0
3.0,3.0,2.0,0.5,1.5,44.333333333333336,6.128258770283412,5.333333333333336,0
2.0,2.0,1.0,1.0,2.0,53.5,7.5,14.5,0
3.0,2.0,2.0,0.75,1.0,44.666666666666664,5.90668171555645,4.666666666666664,0
2.0,2.0,2.0,0.5,1.0,49.5,5.5,9.5,0
5.0,3.0,3.0,0.5555555555555556,1.0,49.4,5.885575587824865,9.399999999999999,0
3.0,2.0,2.0,0.75,1.0,48.0,4.546060565661952,9.0,0
3.0,2.0,2.0,0.75,1.0,50.0,7.118052168020874,11.0,0
3.0,2.0,3.0,0.5,0.6666666666666666,49.0,7.788880963698615,10.0,0
8.0,4.0,5.0,0.4,0.8,49.75,5.562148865321747,9.75,0
2.0,2.0,2.0,0.5,1.0,43.5,1.5,3.5,0
6.0,3.0,3.0,0.6666666666666666,1.0,46.833333333333336,6.202598021976132,6.833333333333336,0
3.0,2.0,3.0,0.5,0.6666666666666666,43.666666666666664,0.9428090415820634,3.6666666666666643,0
2.0,1.0,2.0,1.0,0.5,48.0,3.0,8.0,0
2.0,2.0,1.0,1.0,2.0,56.0,10.0,16.0,0
2.0,2.0,1.0,1.0,2.0,44.0,4.0,4.0,0
2.0,1.0,2.0,1.0,0.5,48.0,3.0,8.0,0
9.0,3.0,7.0,0.42857142857142855,0.42857142857142855,46.0,5.0771820705759385,6.0,0
5.0,3.0,2.0,0.8333333333333334,1.5,49.0,5.549774770204643,10.0,0
2.0,1.0,2.0,1.0,0.5,59.0,9.0,20.0,0
3.0,2.0,2.0,0.75,1.0,46.333333333333336,3.091206165165235,7.333333333333336,0
5.0,3.0,2.0,0.8333333333333334,1.5,57.6,14.10815367083872,18.6,0
2.0,2.0,1.0,1.0,2.0,57.0,0.0,18.0,0
2.0,1.0,2.0,1.0,0.5,48.0,4.0,9.0,0
8.0,5.0,3.0,0.5333333333333333,1.6666666666666667,53.75,7.292976072907411,13.75,0
2.0,1.0,2.0,1.0,0.5,60.0,5.0,20.0,0
2.0,2.0,2.0,0.5,1.0,46.0,3.0,6.0,0
5.0,2.0,3.0,0.8333333333333334,0.6666666666666666,43.4,2.1540659228538015,4.399999999999999,0
13.0,8.0,4.0,0.40625,2.0,49.61538461538461,8.325479533783962,10.615384615384613,0
2.0,1.0,2.0,1.0,0.5,44.0,1.0,5.0,0
6.0,3.0,3.0,0.6666666666666666,1.0,49.333333333333336,4.570436400267363,10.333333333333336,0
12.0,8.0,3.0,0.5,2.6666666666666665,43.333333333333336,2.8963578661637945,4.333333333333336,0
2.0,1.0,2.0,1.0,0.5,54.0,1.0,15.0,0
5.0,3.0,2.0,0.8333333333333334,1.5,50.8,5.844655678480983,10.799999999999997,0
2.0,1.0,2.0,1.0,0.5,52.5,4.5,12.5,0
2.0,1.0,2.0,1.0,0.5,45.0,4.0,5.0,0
2.0,1.0,2.0,1.0,0.5,46.0,5.0,6.0,0
4.0,2.0,3.0,0.6666666666666666,0.6666666666666666,45.25,1.920286436967152,5.25,0
2.0,1.0,2.0,1.0,0.5,44.5,0.5,4.5,0
2.0,1.0,2.0,1.0,0.5,54.0,11.0,14.0,0
2.0,1.0,2.0,1.0,0.5,41.5,0.5,1.5,0
2.0,2.0,2.0,0.5,1.0,48.5,8.5,8.5,0
3.0,3.0,3.0,0.3333333333333333,1.0,52.0,8.602325267042627,12.0,0
2.0,1.0,2.0,1.0,0.5,53.0,0.0,13.0,0
2.0,1.0,2.0,1.0,0.5,52.0,11.0,12.0,0
2.0,1.0,2.0,1.0,0.5,51.0,3.0,12.0,0
2.0,1.0,2.0,1.0,0.5,50.0,4.0,11.0,0
2.0,1.0,2.0,1.0,0.5,53.0,6.0,14.0,0
2.0,2.0,1.0,1.0,2.0,46.5,0.5,6.5,0
2.0,2.0,2.0,0.5,1.0,48.0,7.0,8.0,0
26.0,6.0,8.0,0.5416666666666666,0.75,50.38461538461539,8.923076923076923,10.384615384615387,0
2.0,2.0,1.0,1.0,2.0,48.0,1.0,8.0,0
3.0,1.0,3.0,1.0,0.3333333333333333,47.333333333333336,1.8856180831641267,7.333333333333336,0
2.0,1.0,2.0,1.0,0.5,54.0,2.0,14.0,0
2.0,2.0,1.0,1.0,2.0,41.0,1.0,1.0,0
6.0,3.0,3.0,0.6666666666666666,1.0,52.666666666666664,7.972173828734266,12.666666666666664,0
25.0,8.0,7.0,0.44642857142857145,1.1428571428571428,48.04,7.118876315824008,8.04,0
2.0,2.0,1.0,1.0,2.0,49.0,9.0,10.0,0
12.0,6.0,6.0,0.3333333333333333,1.0,53.916666666666664,9.482073730056218,14.916666666666664,0
2.0,1.0,2.0,1.0,0.5,45.5,2.5,6.5,0
4.0,2.0,4.0,0.5,0.5,70.5,7.297259759663212,12.5,0
2.0,2.0,1.0,1.0,2.0,66.0,7.0,8.0,0
2.0,2.0,1.0,1.0,2.0,70.0,8.0,12.0,0
2.0,2.0,1.0,1.0,2.0,71.5,11.5,14.5,0
2.0,2.0,1.0,1.0,2.0,64.0,5.0,7.0,0
5.0,5.0,2.0,0.5,2.5,63.0,3.1622776601683795,6.0,0
2.0,2.0,1.0,1.0,2.0,69.0,2.0,11.0,0
3.0,2.0,3.0,0.5,0.6666666666666666,63.0,2.943920288775949,5.0,0
4.0,2.0,3.0,0.6666666666666666,0.6666666666666666,70.75,3.897114317029974,12.75,0
2.0,1.0,2.0,1.0,0.5,60.0,1.0,2.0,0
2.0,1.0,2.0,1.0,0.5,69.5,6.5,11.5,0
6.0,3.0,2.0,1.0,1.5,67.16666666666667,6.767980168082318,9.166666666666671,0
7.0,5.0,3.0,0.4666666666666667,1.6666666666666667,68.85714285714286,9.847821679779479,11.857142857142861,0
2.0,2.0,1.0,1.0,2.0,61.0,3.0,4.0,0
6.0,3.0,3.0,0.6666666666666666,1.0,64.16666666666667,4.2196629670573875,7.166666666666671,0
2.0,2.0,1.0,1.0,2.0,68.5,2.5,10.5,0
2.0,2.0,2.0,0.5,1.0,65.5,2.5,7.5,0
3.0,2.0,2.0,0.75,1.0,68.0,0.816496580927726,10.0,0
3.0,1.0,3.0,1.0,0.3333333333333333,85.0,16.32993161855452,27.0,0
3.0,2.0,3.0,0.5,0.6666666666666666,76.0,15.253414918196734,18.0,0
3.0,2.0,2.0,0.75,1.0,64.33333333333333,3.39934634239519,6.333333333333329,0
2.0,2.0,2.0,0.5,1.0,65.5,5.5,8.5,0
2.0,1.0,2.0,1.0,0.5,68.5,5.5,11.5,0
2.0,2.0,1.0,1.0,2.0,78.0,3.0,21.0,0
3.0,2.0,2.0,0.75,1.0,64.33333333333333,5.792715732327588,6.333333333333329,1
3.0,2.0,2.0,0.75,1.0,70.0,5.715476066494082,12.0,0
6.0,5.0,2.0,0.6,2.5,71.66666666666667,10.060925515191046,13.666666666666671,0
4.0,2.0,3.0,0.6666666666666666,0.6666666666666666,62.75,4.322904116447646,4.75,0
3.0,3.0,2.0,0.5,1.5,61.666666666666664,2.494438257849294,3.6666666666666643,0
3.0,1.0,3.0,1.0,0.3333333333333333,67.33333333333333,3.7712361663282534,9.333333333333329,0
2.0,1.0,2.0,1.0,0.5,66.5,5.5,8.5,0
3.0,2.0,2.0,0.75,1.0,76.33333333333333,8.339997335464536,18.33333333333333,0
5.0,3.0,3.0,0.5555555555555556,1.0,61.6,5.238320341483518,3.6000000000000014,0
4.0,3.0,2.0,0.6666666666666666,1.5,65.5,4.769696007084728,7.5,0
12.0,5.0,6.0,0.4,0.8333333333333334,67.16666666666667,9.51168871558685,9.166666666666671,0
3.0,2.0,3.0,0.5,0.6666666666666666,60.0,2.8284271247461903,2.0,0
11.0,6.0,3.0,0.6111111111111112,2.0,67.18181818181819,4.744723036618142,9.181818181818187,0
19.0,5.0,7.0,0.5428571428571428,0.7142857142857143,66.57894736842105,5.5660227648009615,8.578947368421055,0
5.0,3.0,3.0,0.5555555555555556,1.0,66.6,3.7202150475476548,8.599999999999994,0
3.0,2.0,3.0,0.5,0.6666666666666666,65.33333333333333,3.2998316455372216,7.333333333333329,0
6.0,3.0,3.0,0.6666666666666666,1.0,65.66666666666667,5.120763831912406,8.666666666666671,0
2.0,2.0,2.0,0.5,1.0,78.0,8.0,21.0,0
2.0,1.0,2.0,1.0,0.5,63.0,1.0,6.0,0
2.0,2.0,2.0,0.5,1.0,64.5,2.5,6.5,0
2.0,1.0,2.0,1.0,0.5,61.5,3.5,3.5,0
3.0,2.0,3.0,0.5,0.6666666666666666,58.666666666666664,0.9428090415820634,0.6666666666666643,0
2.0,1.0,2.0,1.0,0.5,64.0,3.0,6.0,0
3.0,2.0,3.0,0.5,0.6666666666666666,63.666666666666664,2.357022603955158,5.666666666666664,0
4.0,4.0,2.0,0.5,2.0,65.25,7.013380069552769,7.25,0
2.0,2.0,1.0,1.0,2.0,58.5,0.5,1.5,0
3.0,3.0,1.0,1.0,3.0,69.0,7.2571803523590805,12.0,0
3.0,2.0,2.0,0.75,1.0,75.66666666666667,7.1336448530109,18.66666666666667,0
2.0,1.0,2.0,1.0,0.5,62.0,2.0,4.0,0
4.0,3.0,2.0,0.6666666666666666,1.5,65.5,6.103277807866851,7.5,0
2.0,1.0,2.0,1.0,0.5,68.5,2.5,10.5,0
2.0,1.0,2.0,1.0,0.5,68.5,8.5,10.5,0
5.0,4.0,2.0,0.625,2.0,66.6,6.711184694225007,8.599999999999994,0
4.0,2.0,3.0,0.6666666666666666,0.6666666666666666,67.75,5.539629951540085,9.75,0
4.0,2.0,4.0,0.5,0.5,66.75,3.897114317029974,8.75,0
2.0,1.0,2.0,1.0,0.5,70.0,2.0,12.0,0
2.0,2.0,2.0,0.5,1.0,64.0,1.0,6.0,0
9.0,4.0,5.0,0.45,0.8,67.88888888888889,5.152010275275391,10.888888888888886,0
14.0,8.0,3.0,0.5833333333333334,2.6666666666666665,67.0,8.053393251117374,10.0,0
3.0,2.0,2.0,0.75,1.0,64.0,3.559026084010437,7.0,0
3.0,2.0,2.0,0.75,1.0,65.66666666666667,3.39934634239519,7.666666666666671,0
2.0,1.0,2.0,1.0,0.5,60.5,0.5,2.5,0
3.0,3.0,1.0,1.0,3.0,63.333333333333336,5.436502143433364,5.333333333333336,0
7.0,5.0,3.0,0.4666666666666667,1.6666666666666667,72.57142857142857,11.223153909372774,14.57142857142857,0
2.0,1.0,2.0,1.0,0.5,68.0,8.0,10.0,0
2.0,2.0,1.0,1.0,2.0,64.5,1.5,6.5,0
2.0,2.0,1.0,1.0,2.0,69.5,4.5,11.5,0
2.0,1.0,2.0,1.0,0.5,74.0,0.0,16.0,0
3.0,3.0,1.0,1.0,3.0,62.666666666666664,3.299831645537222,4.666666666666664,0
3.0,2.0,2.0,0.75,1.0,71.0,11.224972160321824,13.0,0
6.0,3.0,4.0,0.5,0.75,67.0,6.97614984548545,9.0,0
3.0,2.0,3.0,0.5,0.6666666666666666,71.66666666666667,8.956685895029603,13.666666666666671,0
16.0,7.0,5.0,0.45714285714285713,1.4,63.6875,4.103637867794867,6.6875,0
3.0,3.0,1.0,1.0,3.0,62.0,3.265986323710904,5.0,0
3.0,2.0,3.0,0.5,0.6666666666666666,64.0,7.118052168020874,7.0,0
2.0,1.0,2.0,1.0,0.5,67.5,1.5,9.5,0
3.0,2.0,2.0,0.75,1.0,66.33333333333333,2.6246692913372702,8.333333333333329,0
2.0,1.0,2.0,1.0,0.5,70.0,8.0,12.0,0
2.0,2.0,1.0,1.0,2.0,63.0,3.0,5.0,0
5.0,4.0,2.0,0.625,2.0,61.2,4.166533331199932,3.200000000000003,0
2.0,2.0,1.0,1.0,2.0,62.0,2.0,4.0,0
6.0,4.0,3.0,0.5,1.3333333333333333,72.0,6.928203230275509,15.0,0
7.0,4.0,4.0,0.4375,1.0,68.42857142857143,6.986868148935705,11.42857142857143,0
5.0,2.0,4.0,0.625,0.5,65.6,7.310266752998826,8.599999999999994,0
3.0,3.0,1.0,1.0,3.0,64.33333333333333,2.357022603955158,6.333333333333329,0
3.0,2.0,2.0,0.75,1.0,64.66666666666667,2.0548046676563256,6.666666666666671,0
7.0,3.0,5.0,0.4666666666666667,0.6,62.285714285714285,4.977500397195527,4.285714285714285,0
3.0,2.0,3.0,0.5,0.6666666666666666,65.66666666666667,5.312459150169742,7.666666666666671,0
3.0,2.0,3.0,0.5,0.6666666666666666,64.66666666666667,4.0276819911981905,6.666666666666671,0
2.0,2.0,1.0,1.0,2.0,66.5,0.5,8.5,0
5.0,3.0,3.0,0.5555555555555556,1.0,66.0,9.055385138137417,8.0,0
3.0,3.0,1.0,1.0,3.0,68.0,3.559026084010437,10.0,0
3.0,3.0,2.0,0.5,1.5,64.66666666666667,5.90668171555645,6.666666666666671,0
2.0,1.0,2.0,1.0,0.5,59.5,0.5,2.5,0
2.0,2.0,1.0,1.0,2.0,65.5,7.5,8.5,0
2.0,2.0,1.0,1.0,2.0,70.5,1.5,13.5,0
5.0,2.0,4.0,0.625,0.5,66.6,3.9293765408777,8.599999999999994,0
4.0,2.0,3.0,0.6666666666666666,0.6666666666666666,68.25,8.814051281902097,10.25,0
7.0,4.0,3.0,0.5833333333333334,1.3333333333333333,64.42857142857143,5.851914042361155,6.428571428571431,0
3.0,3.0,2.0,0.5,1.5,61.333333333333336,4.714045207910317,3.3333333333333357,0
5.0,3.0,3.0,0.5555555555555556,1.0,66.4,8.475848040166836,8.400000000000006,0
2.0,1.0,2.0,1.0,0.5,66.5,7.5,8.5,0
2.0,2.0,2.0,0.5,1.0,72.5,4.5,14.5,0
2.0,2.0,2.0,0.5,1.0,72.5,1.5,14.5,0
2.0,1.0,2.0,1.0,0.5,64.0,5.0,6.0,0
2.0,1.0,2.0,1.0,0.5,70.5,9.5,12.5,0
2.0,1.0,2.0,1.0,0.5,67.0,0.0,9.0,0
10.0,5.0,4.0,0.5,1.25,64.7,5.9,6.700000000000003,0
5.0,4.0,2.0,0.625,2.0,67.8,9.325234581499814,9.799999999999997,0
3.0,2.0,2.0,0.75,1.0,69.0,7.874007874011811,11.0,0
2.0,1.0,2.0,1.0,0.5,73.0,0.0,15.0,0
17.0,5.0,9.0,0.37777777777777777,0.5555555555555556,67.29411764705883,6.6753691757997915,9.294117647058826,0
4.0,3.0,2.0,0.6666666666666666,1.5,64.75,10.568230693924125,6.75,0
7.0,4.0,5.0,0.35,0.8,62.42857142857143,3.8491981672307083,4.428571428571431,0
2.0,1.0,2.0,1.0,0.5,65.5,5.5,8.5,0
2.0,2.0,1.0,1.0,2.0,62.0,2.0,5.0,0
11.0,8.0,3.0,0.4583333333333333,2.6666666666666665,67.9090909090909,6.302301822704369,10.909090909090907,0
2.0,1.0,2.0,1.0,0.5,83.0,6.0,9.0,0
4.0,1.0,4.0,1.0,0.25,88.0,6.041522986797286,14.0,0
2.0,2.0,2.0,0.5,1.0,93.5,5.5,19.5,0
3.0,1.0,3.0,1.0,0.3333333333333333,84.0,0.816496580927726,9.0,0
5.0,2.0,3.0,0.8333333333333334,0.6666666666666666,83.0,4.242640687119285,8.0,0
2.0,2.0,1.0,1.0,2.0,89.0,0.0,14.0,0
4.0,2.0,2.0,1.0,1.0,82.75,3.344772040064913,7.75,0
2.0,1.0,2.0,1.0,0.5,84.0,7.0,9.0,0
2.0,1.0,2.0,1.0,0.5,77.5,1.5,2.5,0
3.0,2.0,3.0,0.5,0.6666666666666666,81.33333333333333,2.494438257849294,6.333333333333329,0
4.0,3.0,2.0,0.6666666666666666,1.5,80.0,4.949747468305833,5.0,0
3.0,3.0,1.0,1.0,3.0,80.0,3.7416573867739413,5.0,0
2.0,1.0,2.0,1.0,0.5,81.5,6.5,6.5,0
2.0,1.0,2.0,1.0,0.5,84.0,5.0,9.0,0
2.0,1.0,2.0,1.0,0.5,88.0,2.0,13.0,0
5.0,2.0,5.0,0.5,0.4,84.2,3.6,9.200000000000003,0
2.0,1.0,2.0,1.0,0.5,80.5,5.5,5.5,0
3.0,2.0,2.0,0.75,1.0,82.66666666666667,4.0276819911981905,7.666666666666671,0
6.0,2.0,4.0,0.75,0.5,82.66666666666667,6.18241233033047,7.666666666666671,0
5.0,3.0,2.0,0.8333333333333334,1.5,81.2,3.4871191548325386,6.200000000000003,0
3.0,2.0,2.0,0.75,1.0,86.66666666666667,7.408703590297623,11.666666666666671,0
3.0,2.0,2.0,0.75,1.0,84.33333333333333,6.128258770283412,9.333333333333329,0
2.0,1.0,2.0,1.0,0.5,85.5,6.5,10.5,0
6.0,3.0,3.0,0.6666666666666666,1.0,80.83333333333333,4.633812924819281,5.833333333333329,0
4.0,3.0,2.0,0.6666666666666666,1.5,81.75,3.2691742076555053,6.75,0
2.0,1.0,2.0,1.0,0.5,98.0,2.0,23.0,0
2.0,2.0,2.0,0.5,1.0,81.0,2.0,6.0,0
2.0,2.0,2.0,0.5,1.0,80.5,5.5,5.5,0
6.0,3.0,3.0,0.6666666666666666,1.0,93.83333333333333,13.334374959313074,18.83333333333333,0
5.0,3.0,2.0,0.8333333333333334,1.5,80.2,3.059411708155671,5.200000000000003,0
2.0,1.0,2.0,1.0,0.5,83.5,0.5,9.5,0
2.0,1.0,2.0,1.0,0.5,88.5,3.5,14.5,0
8.0,4.0,4.0,0.5,1.0,84.875,4.88460592064498,10.875,0
2.0,2.0,1.0,1.0,2.0,83.5,7.5,8.5,0
2.0,1.0,2.0,1.0,0.5,89.5,1.5,14.5,0
7.0,6.0,2.0,0.5833333333333334,3.0,81.0,5.209880722517277,6.0,0
3.0,3.0,3.0,0.3333333333333333,1.0,93.66666666666667,5.734883511361751,18.66666666666667,0
2.0,1.0,2.0,1.0,0.5,78.5,0.5,3.5,0
2.0,2.0,1.0,1.0,2.0,81.0,1.0,6.0,0
3.0,2.0,2.0,0.75,1.0,82.33333333333333,4.988876515698588,7.333333333333329,0
2.0,2.0,1.0,1.0,2.0,79.0,2.0,4.0,0
2.0,2.0,2.0,0.5,1.0,81.0,2.0,6.0,0
2.0,2.0,2.0,0.5,1.0,89.5,6.5,14.5,0
9.0,5.0,4.0,0.45,1.25,83.77777777777777,8.508528764034066,8.777777777777771,0
3.0,2.0,2.0,0.75,1.0,84.0,5.0990195135927845,9.0,0
5.0,3.0,3.0,0.5555555555555556,1.0,87.8,10.146920715172657,12.799999999999997,0
13.0,6.0,6.0,0.3611111111111111,1.0,84.6923076923077,5.282549142581352,9.692307692307693,0
5.0,4.0,3.0,0.4166666666666667,1.3333333333333333,88.2,5.81033561853358,13.200000000000003,0
6.0,4.0,3.0,0.5,1.3333333333333333,82.66666666666667,5.280993172584953,8.666666666666671,0
2.0,2.0,1.0,1.0,2.0,93.5,0.5,19.5,0
2.0,1.0,2.0,1.0,0.5,79.0,2.0,5.0,0
3.0,3.0,2.0,0.5,1.5,77.66666666666667,2.494438257849294,3.6666666666666714,0
3.0,2.0,2.0,0.75,1.0,81.66666666666667,3.7712361663282534,7.666666666666671,0
2.0,2.0,1.0,1.0,2.0,85.0,8.0,11.0,0
3.0,2.0,2.0,0.75,1.0,80.33333333333333,0.9428090415820634,6.333333333333329,0
7.0,4.0,4.0,0.4375,1.0,83.85714285714286,5.617029500382142,9.857142857142861,0
13.0,4.0,6.0,0.5416666666666666,0.6666666666666666,86.15384615384616,7.882269819968921,12.15384615384616,0
3.0,2.0,3.0,0.5,0.6666666666666666,79.33333333333333,4.784233364802441,4.333333333333329,0
4.0,2.0,3.0,0.6666666666666666,0.6666666666666666,79.0,2.1213203435596424,4.0,0
5.0,2.0,4.0,0.625,0.5,85.0,4.47213595499958,10.0,0
3.0,1.0,3.0,1.0,0.3333333333333333,79.33333333333333,2.0548046676563256,4.333333333333329,0
4.0,3.0,4.0,0.3333333333333333,0.75,85.75,8.926785535678562,10.75,0
2.0,2.0,1.0,1.0,2.0,81.0,0.0,6.0,0
2.0,2.0,2.0,0.5,1.0,87.5,2.5,13.5,0
13.0,6.0,5.0,0.43333333333333335,1.2,85.6923076923077,5.92757072286415,11.692307692307693,0
2.0,2.0,1.0,1.0,2.0,83.0,0.0,9.0,0
3.0,3.0,2.0,0.5,1.5,80.0,0.816496580927726,5.0,0
2.0,1.0,2.0,1.0,0.5,78.5,3.5,3.5,0
3.0,1.0,3.0,1.0,0.3333333333333333,83.0,1.4142135623730951,8.0,0
2.0,1.0,2.0,1.0,0.5,79.0,1.0,4.0,0
5.0,4.0,2.0,0.625,2.0,80.6,6.343500610861482,5.599999999999994,0
3.0,3.0,1.0,1.0,3.0,84.66666666666667,10.143416036468626,9.666666666666671,0
2.0,1.0,2.0,1.0,0.5,77.0,2.0,2.0,0
2.0,1.0,2.0,1.0,0.5,79.0,2.0,4.0,0
11.0,4.0,5.0,0.55,0.8,87.18181818181819,8.472610221587097,12.181818181818187,0
2.0,2.0,2.0,0.5,1.0,82.5,3.5,7.5,0
3.0,2.0,3.0,0.5,0.6666666666666666,78.33333333333333,3.2998316455372216,3.3333333333333286,0
3.0,2.0,2.0,0.75,1.0,80.0,1.4142135623730951,5.0,0
2.0,2.0,2.0,0.5,1.0,79.0,1.0,4.0,0
2.0,1.0,2.0,1.0,0.5,82.5,6.5,7.5,0
4.0,3.0,2.0,0.6666666666666666,1.5,82.5,3.840572873934304,7.5,0
7.0,3.0,4.0,0.5833333333333334,0.75,84.57142857142857,6.091144458665098,10.57142857142857,0
2.0,2.0,1.0,1.0,2.0,78.5,1.5,4.5,0
4.0,3.0,2.0,0.6666666666666666,1.5,80.75,4.710360920354193,6.75,0
2.0,1.0,2.0,1.0,0.5,89.0,6.0,15.0,0
5.0,2.0,4.0,0.625,0.5,85.2,8.35224520712844,11.200000000000003,0
4.0,2.0,2.0,1.0,1.0,79.5,3.3541019662496847,5.5,0
3.0,2.0,3.0,0.5,0.6666666666666666,81.33333333333333,3.858612300930075,6.333333333333329,0
4.0,2.0,3.0,0.6666666666666666,0.6666666666666666,85.0,8.573214099741124,10.0,0
3.0,1.0,3.0,1.0,0.3333333333333333,90.0,10.03327796219494,15.0,0
3.0,3.0,2.0,0.5,1.5,82.33333333333333,5.734883511361751,7.333333333333329,0
3.0,2.0,2.0,0.75,1.0,79.66666666666667,5.185449728701348,4.666666666666671,0
3.0,3.0,3.0,0.3333333333333333,1.0,77.33333333333333,1.247219128924647,2.3333333333333286,0
2.0,2.0,2.0,0.5,1.0,90.0,3.0,16.0,0
2.0,1.0,2.0,1.0,0.5,84.5,0.5,10.5,0
5.0,3.0,3.0,0.5555555555555556,1.0,80.8,3.0594117081556713,6.799999999999997,0
2.0,2.0,1.0,1.0,2.0,79.0,4.0,4.0,0
7.0,4.0,3.0,0.5833333333333334,1.3333333333333333,87.71428571428571,5.364280958719597,12.714285714285708,0
3.0,3.0,3.0,0.3333333333333333,1.0,82.33333333333333,3.858612300930075,7.333333333333329,0
2.0,2.0,2.0,0.5,1.0,90.0,0.0,15.0,0
14.0,6.0,5.0,0.4666666666666667,1.2,85.57142857142857,7.880484808457315,10.57142857142857,0
2.0,2.0,1.0,1.0,2.0,85.0,1.0,10.0,0
4.0,2.0,2.0,1.0,1.0,83.25,1.299038105676658,8.25,0
3.0,2.0,2.0,0.75,1.0,79.33333333333333,3.681787005729087,4.333333333333329,0
2.0,1.0,2.0,1.0,0.5,83.5,8.5,8.5,0
5.0,3.0,2.0,0.8333333333333334,1.5,85.6,4.8,11.599999999999994,0
2.0,2.0,1.0,1.0,2.0,89.0,3.0,15.0,0
3.0,3.0,1.0,1.0,3.0,84.0,5.0990195135927845,10.0,0
2.0,2.0,1.0,1.0,2.0,84.0,7.0,10.0,0
2.0,1.0,2.0,1.0,0.5,84.0,5.0,10.0,0
2.0,1.0,2.0,1.0,0.5,98.0,15.0,24.0,0
2.0,2.0,1.0,1.0,2.0,85.0,1.0,10.0,0
2.0,2.0,1.0,1.0,2.0,81.5,5.5,6.5,0
11.0,4.0,6.0,0.4583333333333333,0.6666666666666666,82.54545454545455,5.314878538997624,7.545454545454547,0
2.0,1.0,2.0,1.0,0.5,88.5,3.5,13.5,0
3.0,2.0,3.0,0.5,0.6666666666666666,84.66666666666667,2.0548046676563256,9.666666666666671,0
2.0,1.0,2.0,1.0,0.5,85.0,2.0,10.0,0
2.0,2.0,1.0,1.0,2.0,90.5,7.5,15.5,0
2.0,2.0,1.0,1.0,2.0,89.5,10.5,14.5,0
6.0,5.0,2.0,0.6,2.5,88.0,7.958224257542215,13.0,0
2.0,1.0,2.0,1.0,0.5,33.0,12.0,14.0,0
4.0,2.0,2.0,1.0,1.0,28.5,3.2015621187164243,9.5,0
6.0,4.0,4.0,0.375,1.0,27.833333333333332,3.890872509976251,8.833333333333332,0
4.0,3.0,3.0,0.4444444444444444,1.0,31.25,2.5860201081971503,11.25,0
3.0,2.0,2.0,0.75,1.0,27.0,4.320493798938574,7.0,0
2.0,2.0,1.0,1.0,2.0,25.5,4.5,5.5,0
47.0,17.0,9.0,0.30718954248366015,1.8888888888888888,28.829787234042552,5.517165279442706,8.829787234042552,0
2.0,2.0,2.0,0.5,1.0,28.5,1.5,8.5,0
2.0,2.0,2.0,0.5,1.0,33.0,1.0,13.0,0
5.0,4.0,3.0,0.4166666666666667,1.3333333333333333,31.6,5.083306010855534,11.600000000000001,0
2.0,1.0,2.0,1.0,0.5,39.0,10.0,19.0,0
2.0,2.0,2.0,0.5,1.0,32.0,3.0,12.0,0
2.0,2.0,2.0,0.5,1.0,30.0,6.0,11.0,0
2.0,2.0,1.0,1.0,2.0,42.5,6.5,23.5,0
3.0,3.0,2.0,0.5,1.5,26.666666666666668,4.189935029992178,7.666666666666668,0
2.0,2.0,2.0,0.5,1.0,30.0,6.0,11.0,0
2.0,1.0,2.0,1.0,0.5,27.0,5.0,8.0,0
4.0,2.0,2.0,1.0,1.0,27.25,4.02336923485777,8.25,0
2.0,1.0,2.0,1.0,0.5,29.5,4.5,10.5,0
3.0,1.0,3.0,1.0,0.3333333333333333,26.0,2.943920288775949,7.0,0
5.0,3.0,3.0,0.5555555555555556,1.0,31.0,4.857983120596447,12.0,0
4.0,3.0,2.0,0.6666666666666666,1.5,35.5,6.18465843842649,16.5,0
5.0,4.0,2.0,0.625,2.0,31.6,7.552483035399683,12.600000000000001,0
2.0,2.0,1.0,1.0,2.0,29.0,3.0,10.0,0
6.0,3.0,3.0,0.6666666666666666,1.0,30.333333333333332,7.156970184527963,10.333333333333332,0
3.0,1.0,3.0,1.0,0.3333333333333333,25.666666666666668,1.8856180831641267,5.666666666666668,0
3.0,2.0,2.0,0.75,1.0,22.0,0.0,2.0,0
14.0,5.0,9.0,0.3111111111111111,0.5555555555555556,28.857142857142858,5.166611805721464,8.857142857142858,0
2.0,2.0,1.0,1.0,2.0,27.0,4.0,7.0,0
4.0,3.0,2.0,0.6666666666666666,1.5,30.25,10.662434056068061,10.25,0
2.0,2.0,1.0,1.0,2.0,28.5,7.5,9.5,0
2.0,2.0,1.0,1.0,2.0,22.0,1.0,3.0,0
2.0,2.0,1.0,1.0,2.0,28.0,3.0,9.0,0
5.0,4.0,2.0,0.625,2.0,28.2,4.166533331199932,9.2,0
5.0,3.0,4.0,0.4166666666666667,0.75,27.0,3.22490309931942,8.0,0
20.0,7.0,6.0,0.47619047619047616,1.1666666666666667,27.15,5.101715397785338,8.149999999999999,0
6.0,4.0,4.0,0.375,1.0,31.333333333333332,10.434983894999018,11.333333333333332,0
2.0,2.0,1.0,1.0,2.0,37.0,7.0,17.0,0
2.0,1.0,2.0,1.0,0.5,38.5,8.5,18.5,0
3.0,3.0,2.0,0.5,1.5,32.0,0.816496580927726,12.0,0
7.0,3.0,4.0,0.5833333333333334,0.75,33.57142857142857,10.472510176063574,13.57142857142857,0
2.0,2.0,1.0,1.0,2.0,29.0,4.0,9.0,0
2.0,2.0,2.0,0.5,1.0,27.5,5.5,7.5,0
4.0,3.0,2.0,0.6666666666666666,1.5,33.5,7.794228634059948,13.5,0
5.0,2.0,4.0,0.625,0.5,28.6,4.176122603564219,8.600000000000001,0
8.0,4.0,4.0,0.5,1.0,34.0,7.19374728496908,14.0,0
4.0,2.0,3.0,0.6666666666666666,0.6666666666666666,27.25,5.584576975922169,7.25,0
5.0,3.0,2.0,0.8333333333333334,1.5,31.8,4.1182520563948,11.8,0
9.0,5.0,5.0,0.36,1.0,33.333333333333336,5.163977794943222,13.333333333333336,0
2.0,2.0,1.0,1.0,2.0,30.0,3.0,10.0,0
6.0,3.0,3.0,0.6666666666666666,1.0,30.333333333333332,4.068851871911234,10.333333333333332,0
2.0,2.0,1.0,1.0,2.0,33.0,6.0,13.0,0
3.0,2.0,2.0,0.75,1.0,32.333333333333336,7.717224601860151,12.333333333333336,0
10.0,3.0,6.0,0.5555555555555556,0.5,32.3,7.563729238940273,12.299999999999997,0
2.0,2.0,1.0,1.0,2.0,40.0,6.0,21.0,0
2.0,2.0,2.0,0.5,1.0,29.0,7.0,10.0,0
11.0,5.0,3.0,0.7333333333333333,1.6666666666666667,31.454545454545453,7.901250031869369,12.454545454545453,0
2.0,2.0,2.0,0.5,1.0,32.5,1.5,13.5,0
2.0,1.0,2.0,1.0,0.5,25.5,0.5,6.5,0
3.0,2.0,2.0,0.75,1.0,29.0,7.2571803523590805,10.0,0
5.0,4.0,2.0,0.625,2.0,30.8,5.2687759489277965,10.8,0
4.0,2.0,2.0,1.0,1.0,26.5,6.34428877022476,6.5,0
13.0,5.0,7.0,0.37142857142857144,0.7142857142857143,32.46153846153846,6.356285618496491,12.46153846153846,0
3.0,2.0,2.0,0.75,1.0,32.0,8.48528137423857,13.0,0
2.0,2.0,1.0,1.0,2.0,33.5,10.5,14.5,0
3.0,2.0,2.0,0.75,1.0,31.0,3.265986323710904,12.0,0
5.0,3.0,3.0,0.5555555555555556,1.0,37.6,7.914543574963751,18.6,0
7.0,4.0,5.0,0.35,0.8,26.714285714285715,2.813959371941744,7.714285714285715,0
3.0,3.0,2.0,0.5,1.5,30.333333333333332,2.8674417556808756,11.333333333333332,0
4.0,4.0,1.0,1.0,4.0,28.25,1.7853571071357126,9.25,0
3.0,3.0,2.0,0.5,1.5,29.0,2.160246899469287,10.0,0
2.0,1.0,2.0,1.0,0.5,34.5,3.5,15.5,0
3.0,3.0,2.0,0.5,1.5,30.333333333333332,2.8674417556808756,10.333333333333332,0
2.0,2.0,2.0,0.5,1.0,31.5,2.5,11.5,0
2.0,1.0,2.0,1.0,0.5,27.0,6.0,7.0,0
8.0,3.0,4.0,0.6666666666666666,0.75,36.75,9.364160400164021,16.75,0
7.0,3.0,3.0,0.7777777777777778,1.0,33.285714285714285,6.51841974088562,13.285714285714285,0
2.0,2.0,1.0,1.0,2.0,32.5,10.5,12.5,0
2.0,2.0,1.0,1.0,2.0,25.5,3.5,6.5,0
2.0,2.0,1.0,1.0,2.0,38.0,1.0,19.0,0
3.0,1.0,3.0,1.0,0.3333333333333333,29.0,5.715476066494082,10.0,0
2.0,1.0,2.0,1.0,0.5,33.0,4.0,14.0,0
3.0,2.0,2.0,0.75,1.0,35.666666666666664,5.312459150169743,16.666666666666664,0
2.0,2.0,2.0,0.5,1.0,21.0,0.0,2.0,0
7.0,4.0,4.0,0.4375,1.0,29.571428571428573,6.343886660335576,10.571428571428573,0
3.0,2.0,3.0,0.5,0.6666666666666666,27.666666666666668,3.0912061651652345,8.666666666666668,0
4.0,2.0,3.0,0.6666666666666666,0.6666666666666666,28.5,4.272001872658765,9.5,0
2.0,1.0,2.0,1.0,0.5,27.0,5.0,7.0,0
9.0,4.0,4.0,0.5625,1.0,27.333333333333332,6.164414002968976,7.333333333333332,0
2.0,2.0,2.0,0.5,1.0,29.5,6.5,9.5,0
2.0,2.0,2.0,0.5,1.0,34.0,0.0,14.0,0
3.0,2.0,2.0,0.75,1.0,28.333333333333332,8.339997335464536,8.333333333333332,0
3.0,1.0,3.0,1.0,0.3333333333333333,26.333333333333332,2.6246692913372702,6.333333333333332,0
2.0,2.0,1.0,1.0,2.0,33.5,0.5,14.5,0
6.0,3.0,3.0,0.6666666666666666,1.0,38.333333333333336,7.363574011458175,19.333333333333336,0
3.0,2.0,2.0,0.75,1.0,27.333333333333332,7.586537784494028,8.333333333333332,0
7.0,3.0,4.0,0.5833333333333334,0.75,25.714285714285715,6.08779307218929,5.714285714285715,0
4.0,2.0,4.0,0.5,0.5,28.5,1.118033988749895,8.5,0
2.0,2.0,1.0,1.0,2.0,36.0,14.0,16.0,0
3.0,3.0,3.0,0.3333333333333333,1.0,24.0,1.4142135623730951,5.0,0
8.0,4.0,4.0,0.5,1.0,30.5,7.905694150420948,11.5,0
5.0,2.0,4.0,0.625,0.5,29.4,1.854723699099141,10.399999999999999,0
2.0,2.0,1.0,1.0,2.0,23.0,2.0,3.0,0
2.0,1.0,2.0,1.0,0.5,32.0,5.0,12.0,0
2.0,1.0,2.0,1.0,0.5,32.5,4.5,12.5,0
2.0,2.0,1.0,1.0,2.0,41.0,0.0,21.0,0
2.0,1.0,2.0,1.0,0.5,24.0,2.0,4.0,0
7.0,3.0,4.0,0.5833333333333334,0.75,28.428571428571427,6.651683843898751,8.428571428571427,0
3.0,2.0,2.0,0.75,1.0,31.333333333333332,7.586537784494028,11.333333333333332,0
2.0,1.0,2.0,1.0,0.5,26.0,4.0,6.0,0
2.0,1.0,2.0,1.0,0.5,29.5,6.5,9.5,0
7.0,3.0,5.0,0.4666666666666667,0.6,30.285714285714285,5.573259772323188,10.285714285714285,0
2.0,1.0,2.0,1.0,0.5,25.5,0.5,5.5,0
5.0,4.0,2.0,0.625,2.0,25.0,2.6076809620810595,5.0,0
25.0,8.0,11.0,0.2840909090909091,0.7272727272727273,31.48,8.872970190415383,11.48,0
2.0,2.0,2.0,0.5,1.0,25.0,4.0,5.0,0
2.0,1.0,2.0,1.0,0.5,38.0,2.0,18.0,0
17.0,9.0,7.0,0.2698412698412698,1.2857142857142858,26.941176470588236,4.999653967264889,6.9411764705882355,0
3.0,3.0,2.0,0.5,1.5,22.666666666666668,1.247219128924647,2.666666666666668,0
2.0,1.0,2.0,1.0,0.5,32.5,5.5,12.5,0
100.0,10.0,10.0,1.0,1.0,69.53,10.16017224263447,69.53,1
100.0,10.0,10.0,1.0,1.0,70.95,12.09659042871172,70.95,1
100.0,10.0,10.0,1.0,1.0,70.17,12.123576205064245,70.17,1
100.0,10.0,10.0,1.0,1.0,69.38,11.262131237026143,69.38,1
100.0,10.0,10.0,1.0,1.0,70.14,13.666030879520212,70.14,1
99.0,10.0,10.0,0.99,1.0,67.1919191919192,11.339282545202526,67.1919191919192,1
100.0,10.0,10.0,1.0,1.0,69.21,11.91074724775906,69.21,1
100.0,10.0,10.0,1.0,1.0,68.66,11.623441831058477,68.66,1
99.0,10.0,10.0,0.99,1.0,72.20202020202021,11.650620825336027,72.20202020202021,1
100.0,10.0,10.0,1.0,1.0,67.84,12.214515954388041,67.84,1
100.0,10.0,10.0,1.0,1.0,69.55,10.461715920440586,69.55,1
100.0,10.0,10.0,1.0,1.0,71.29,12.316894900907453,71.29,1
99.0,10.0,10.0,0.99,1.0,68.6969696969697,12.66064812793104,68.6969696969697,1
100.0,10.0,10.0,1.0,1.0,69.39,11.826153220722281,69.39,1
100.0,10.0,10.0,1.0,1.0,71.0,12.50439922587247,71.0,1
100.0,10.0,10.0,1.0,1.0,69.89,12.07633636497427,69.89,1
100.0,10.0,10.0,1.0,1.0,69.27,12.193321942768508,69.27,1
100.0,10.0,10.0,1.0,1.0,70.35,11.3343504445557,70.35,1
99.0,10.0,10.0,0.99,1.0,69.24242424242425,12.349367880678816,69.24242424242425,1
99.0,10.0,10.0,0.99,1.0,69.46464646464646,12.128364892928595,69.46464646464646,1
99.0,10.0,10.0,0.99,1.0,69.83838383838383,11.169680344762927,69.83838383838383,1
100.0,10.0,10.0,1.0,1.0,68.07,10.723110556177252,68.07,1
100.0,10.0,10.0,1.0,1.0,68.43,13.578847521052735,68.43,1
97.0,10.0,10.0,0.97,1.0,69.69072164948453,11.296711340389646,69.69072164948453,1
100.0,10.0,10.0,1.0,1.0,69.68,11.301221172952948,69.68,1
100.0,10.0,10.0,1.0,1.0,67.56,10.872276670504663,67.56,1
100.0,10.0,10.0,1.0,1.0,70.46,11.545925688311007,70.46,1
99.0,10.0,10.0,0.99,1.0,69.57575757575758,11.110183616017986,69.57575757575758,1
99.0,10.0,10.0,0.99,1.0,68.25252525252525,11.229779524485519,68.25252525252525,1
100.0,10.0,10.0,1.0,1.0,68.59,11.979227854916195,68.59,1
99.0,10.0,10.0,0.99,1.0,71.12121212121212,11.874148753985368,71.12121212121212,1
100.0,10.0,10.0,1.0,1.0,68.46,12.797984216274061,68.46,1
99.0,10.0,10.0,0.99,1.0,68.65656565656566,13.179538484709228,68.65656565656566,1
99.0,10.0,10.0,0.99,1.0,72.4040404040404,10.996711346707794,72.4040404040404,1
100.0,10.0,10.0,1.0,1.0,69.04,12.716068574838689,69.04,1
100.0,10.0,10.0,1.0,1.0,67.35,10.584304417390875,67.35,1
100.0,10.0,10.0,1.0,1.0,69.46,11.957775712899117,69.46,1
100.0,10.0,10.0,1.0,1.0,71.55,10.887952057205249,71.55,1
100.0,10.0,10.0,1.0,1.0,69.79,12.540570162476664,69.79,1
100.0,10.0,10.0,1.0,1.0,69.24,12.44115750241914,69.24,1
99.0,10.0,10.0,0.99,1.0,255.0,0.0,215.0,1
2.0,1.0,2.0,1.0,0.5,255.0,0.0,215.0,0
2.0,2.0,2.0,0.5,1.0,255.0,0.0,215.0,0
2.0,2.0,2.0,0.5,1.0,255.0,0.0,215.0,0
98.0,11.0,11.0,0.8099173553719008,1.0,255.0,0.0,215.0,1
2.0,2.0,2.0,0.5,1.0,255.0,0.0,215.0,0
2.0,2.0,2.0,0.5,1.0,255.0,0.0,215.0,0
2.0,2.0,2.0,0.5,1.0,255.0,0.0,215.0,0
97.0,10.0,10.0,0.97,1.0,255.0,0.0,215.0,1
2.0,2.0,1.0,1.0,2.0,255.0,0.0,215.0,0
2.0,2.0,2.0,0.5,1.0,255.0,0.0,215.0,0
2.0,1.0,2.0,1.0,0.5,255.0,0.0,215.0,0
96.0,10.0,11.0,0.8727272727272727,0.9090909090909091,255.0,0.0,215.0,1
2.0,2.0,1.0,1.0,2.0,255.0,0.0,215.0,0
3.0,2.0,3.0,0.5,0.6666666666666666,255.0,0.0,215.0,0
3.0,2.0,3.0,0.5,0.6666666666666666,255.0,0.0,215.0,0
103.0,11.0,11.0,0.8512396694214877,1.0,255.0,0.0,215.0,1
2.0,1.0,2.0,1.0,0.5,255.0,0.0,215.0,0
2.0,1.0,2.0,1.0,0.5,255.0,0.0,215.0,0
2.0,1.0,2.0,1.0,0.5,255.0,0.0,215.0,0
97.0,10.0,10.0,0.97,1.0,255.0,0.0,215.0,1
2.0,2.0,2.0,0.5,1.0,255.0,0.0,215.0,0
2.0,2.0,2.0,0.5,1.0,255.0,0.0,215.0,0
2.0,2.0,1.0,1.0,2.0,255.0,0.0,215.0,0
99.0,10.0,10.0,0.99,1.0,255.0,0.0,215.0,1
3.0,2.0,2.0,0.75,1.0,255.0,0.0,215.0,0
2.0,2.0,1.0,1.0,2.0,255.0,0.0,215.0,0
2.0,1.0,2.0,1.0,0.5,255.0,0.0,215.0,0
100.0,10.0,12.0,0.8333333333333334,0.8333333333333334,255.0,0.0,215.0,1
2.0,2.0,2.0,0.5,1.0,255.0,0.0,215.0,0
2.0,2.0,2.0,0.5,1.0,255.0,0.0,215.0,0
2.0,1.0,2.0,1.0,0.5,255.0,0.0,215.0,0
97.0,10.0,10.0,0.97,1.0,255.0,0.0,215.0,1
2.0,2.0,1.0,1.0,2.0,255.0,0.0,215.0,0
2.0,2.0,1.0,1.0,2.0,255.0,0.0,215.0,0
2.0,2.0,2.0,0.5,1.0,255.0,0.0,215.0,0
93.0,11.0,10.0,0.8454545454545455,1.1,255.0,0.0,215.0,1
2.0,1.0,2.0,1.0,0.5,255.0,0.0,215.0,0
2.0,2.0,1.0,1.0,2.0,255.0,0.0,215.0,0
2.0,2.0,1.0,1.0,2.0,255.0,0.0,215.0,0
101.0,12.0,12.0,0.7013888888888888,1.0,255.0,0.0,215.0,1
2.0,2.0,1.0,1.0,2.0,255.0,0.0,215.0,0
2.0,2.0,1.0,1.0,2.0,255.0,0.0,215.0,0
2.0,2.0,2.0,0.5,1.0,255.0,0.0,215.0,0
98.0,10.0,10.0,0.98,1.0,255.0,0.0,215.0,1
2.0,1.0,2.0,1.0,0.5,255.0,0.0,215.0,0
2.0,2.0,2.0,0.5,1.0,255.0,0.0,215.0,0
2.0,1.0,2.0,1.0,0.5,255.0,0.0,215.0,0
100.0,10.0,11.0,0.9090909090909091,0.9090909090909091,255.0,0.0,215.0,1
2.0,1.0,2.0,1.0,0.5,255.0,0.0,215.0,0
2.0,2.0,1.0,1.0,2.0,255.0,0.0,215.0,0
2.0,2.0,2.0,0.5,1.0,255.0,0.0,215.0,0
99.0,10.0,11.0,0.9,0.9090909090909091,255.0,0.0,215.0,1
2.0,2.0,1.0,1.0,2.0,255.0,0.0,215.0,0
2.0,1.0,2.0,1.0,0.5,255.0,0.0,215.0,0
3.0,3.0,2.0,0.5,1.5,255.0,0.0,215.0,0
99.0,11.0,12.0,0.75,0.9166666666666666,255.0,0.0,215.0,1
2.0,1.0,2.0,1.0,0.5,255.0,0.0,215.0,0
2.0,2.0,2.0,0.5,1.0,255.0,0.0,215.0,0
2.0,1.0,2.0,1.0,0.5,255.0,0.0,215.0,0
97.0,10.0,10.0,0.97,1.0,255.0,0.0,215.0,1
2.0,2.0,2.0,0.5,1.0,255.0,0.0,215.0,0
2.0,1.0,2.0,1.0,0.5,255.0,0.0,215.0,0
2.0,2.0,2.0,0.5,1.0,255.0,0.0,215.0,0
99.0,10.0,10.0,0.99,1.0,255.0,0.0,215.0,1
2.0,2.0,1.0,1.0,2.0,255.0,0.0,215.0,0
2.0,2.0,2.0,0.5,1.0,255.0,0.0,215.0,0
2.0,2.0,2.0,0.5,1.0,255.0,0.0,215.0,0
99.0,10.0,10.0,0.99,1.0,255.0,0.0,215.0,1
2.0,2.0,2.0,0.5,1.0,255.0,0.0,215.0,0
2.0,2.0,2.0,0.5,1.0,255.0,0.0,215.0,0
2.0,2.0,2.0,0.5,1.0,255.0,0.0,215.0,0
102.0,12.0,11.0,0.7727272727272727,1.0909090909090908,255.0,0.0,215.0,1
2.0,2.0,1.0,1.0,2.0,255.0,0.0,215.0,0
2.0,2.0,2.0,0.5,1.0,255.0,0.0,215.0,0
2.0,2.0,2.0,0.5,1.0,255.0,0.0,215.0,0
101.0,11.0,11.0,0.8347107438016529,1.0,255.0,0.0,215.0,1
2.0,2.0,2.0,0.5,1.0,255.0,0.0,215.0,0
2.0,2.0,1.0,1.0,2.0,255.0,0.0,215.0,0
2.0,1.0,2.0,1.0,0.5,255.0,0.0,215.0,0
101.0,11.0,11.0,0.8347107438016529,1.0,255.0,0.0,215.0,1
2.0,2.0,2.0,0.5,1.0,255.0,0.0,215.0,0
3.0,2.0,3.0,0.5,0.6666666666666666,255.0,0.0,215.0,0
3.0,2.0,2.0,0.75,1.0,255.0,0.0,215.0,0
99.0,11.0,11.0,0.8181818181818182,1.0,255.0,0.0,215.0,1
2.0,2.0,2.0,0.5,1.0,255.0,0.0,215.0,0
2.0,2.0,2.0,0.5,1.0,255.0,0.0,215.0,0
2.0,2.0,2.0,0.5,1.0,255.0,0.0,215.0,0
100.0,11.0,11.0,0.8264462809917356,1.0,255.0,0.0,215.0,1
2.0,1.0,2.0,1.0,0.5,255.0,0.0,215.0,0
2.0,2.0,2.0,0.5,1.0,255.0,0.0,215.0,0
2.0,2.0,2.0,0.5,1.0,255.0,0.0,215.0,0
102.0,12.0,10.0,0.85,1.2,255.0,0.0,215.0,1
2.0,2.0,2.0,0.5,1.0,255.0,0.0,215.0,0
2.0,2.0,2.0,0.5,1.0,255.0,0.0,215.0,0
3.0,3.0,1.0,1.0,3.0,255.0,0.0,215.0,0
97.0,10.0,10.0,0.97,1.0,255.0,0.0,215.0,1
2.0,2.0,1.0,1.0,2.0,255.0,0.0,215.0,0
2.0,2.0,2.0,0.5,1.0,255.0,0.0,215.0,0
2.0,1.0,2.0,1.0,0.5,255.0,0.0,215.0,0
100.0,10.0,11.0,0.9090909090909091,0.9090909090909091,255.0,0.0,215.0,1
2.0,2.0,2.0,0.5,1.0,255.0,0.0,215.0,0
2.0,2.0,2.0,0.5,1.0,255.0,0.0,215.0,0
2.0,2.0,1.0,1.0,2.0,255.0,0.0,215.0,0
99.0,11.0,11.0,0.8181818181818182,1.0,255.0,0.0,215.0,1
2.0,1.0,2.0,1.0,0.5,255.0,0.0,215.0,0
2.0,2.0,1.0,1.0,2.0,255.0,0.0,215.0,0
3.0,3.0,2.0,0.5,1.5,255.0,0.0,215.0,0
102.0,10.0,12.0,0.85,0.8333333333333334,255.0,0.0,215.0,1
2.0,2.0,2.0,0.5,1.0,255.0,0.0,215.0,0
2.0,2.0,2.0,0.5,1.0,255.0,0.0,215.0,0
2.0,1.0,2.0,1.0,0.5,255.0,0.0,215.0,0
98.0,10.0,11.0,0.8909090909090909,0.9090909090909091,255.0,0.0,215.0,1
3.0,2.0,3.0,0.5,0.6666666666666666,255.0,0.0,215.0,1
2.0,1.0,2.0,1.0,0.5,255.0,0.0,215.0,0
2.0,2.0,2.0,0.5,1.0,255.0,0.0,215.0,0
2.0,1.0,2.0,1.0,0.5,255.0,0.0,215.0,0
98.0,11.0,10.0,0.8909090909090909,1.1,255.0,0.0,215.0,1
2.0,2.0,2.0,0.5,1.0,255.0,0.0,215.0,0
2.0,2.0,1.0,1.0,2.0,255.0,0.0,215.0,0
2.0,2.0,1.0,1.0,2.0,255.0,0.0,215.0,0
103.0,12.0,12.0,0.7152777777777778,1.0,255.0,0.0,215.0,1
2.0,2.0,2.0,0.5,1.0,255.0,0.0,215.0,0
2.0,1.0,2.0,1.0,0.5,255.0,0.0,215.0,0
4.0,4.0,3.0,0.3333333333333333,1.3333333333333333,255.0,0.0,215.0,0
99.0,10.0,10.0,0.99,1.0,255.0,0.0,215.0,1
2.0,2.0,2.0,0.5,1.0,255.0,0.0,215.0,0
2.0,1.0,2.0,1.0,0.5,255.0,0.0,215.0,0
3.0,2.0,3.0,0.5,0.6666666666666666,255.0,0.0,215.0,0
99.0,10.0,11.0,0.9,0.9090909090909091,255.0,0.0,215.0,1
2.0,2.0,2.0,0.5,1.0,255.0,0.0,215.0,0
2.0,1.0,2.0,1.0,0.5,255.0,0.0,215.0,0
2.0,2.0,1.0,1.0,2.0,255.0,0.0,215.0,0
99.0,10.0,10.0,0.99,1.0,255.0,0.0,215.0,1
2.0,2.0,1.0,1.0,2.0,255.0,0.0,215.0,0
2.0,1.0,2.0,1.0,0.5,255.0,0.0,215.0,0
2.0,2.0,1.0,1.0,2.0,255.0,0.0,215.0,0
100.0,11.0,11.0,0.8264462809917356,1.0,255.0,0.0,215.0,1
2.0,2.0,1.0,1.0,2.0,255.0,0.0,215.0,0
2.0,2.0,1.0,1.0,2.0,255.0,0.0,215.0,0
2.0,2.0,1.0,1.0,2.0,255.0,0.0,215.0,0
100.0,11.0,10.0,0.9090909090909091,1.1,255.0,0.0,215.0,1
2.0,2.0,1.0,1.0,2.0,255.0,0.0,215.0,0
2.0,2.0,1.0,1.0,2.0,255.0,0.0,215.0,0
2.0,2.0,1.0,1.0,2.0,255.0,0.0,215.0,0
100.0,12.0,11.0,0.7575757575757576,1.0909090909090908,255.0,0.0,215.0,1
3.0,2.0,3.0,0.5,0.6666666666666666,255.0,0.0,215.0,0
2.0,2.0,2.0,0.5,1.0,255.0,0.0,215.0,0
2.0,2.0,1.0,1.0,2.0,255.0,0.0,215.0,0
104.0,12.0,12.0,0.7222222222222222,1.0,255.0,0.0,215.0,1
2.0,1.0,2.0,1.0,0.5,255.0,0.0,215.0,0
2.0,2.0,2.0,0.5,1.0,255.0,0.0,215.0,0
2.0,2.0,1.0,1.0,2.0,255.0,0.0,215.0,0
97.0,10.0,10.0,0.97,1.0,255.0,0.0,215.0,1
2.0,1.0,2.0,1.0,0.5,255.0,0.0,215.0,0
2.0,1.0,2.0,1.0,0.5,255.0,0.0,215.0,0
2.0,1.0,2.0,1.0,0.5,255.0,0.0,215.0,0
98.0,10.0,10.0,0.98,1.0,255.0,0.0,215.0,1
2.0,2.0,1.0,1.0,2.0,255.0,0.0,215.0,0
2.0,2.0,2.0,0.5,1.0,255.0,0.0,215.0,0
2.0,1.0,2.0,1.0,0.5,255.0,0.0,215.0,0
98.0,10.0,11.0,0.8909090909090909,0.9090909090909091,209.91836734693877,9.299630746880306,151.91836734693877,1
2.0,2.0,2.0,0.5,1.0,255.0,0.0,197.0,0
3.0,2.0,3.0,0.5,0.6666666666666666,255.0,0.0,197.0,0
2.0,2.0,2.0,0.5,1.0,255.0,0.0,197.0,0
100.0,11.0,11.0,0.8264462809917356,1.0,210.82,11.161881561815642,152.82,1
2.0,2.0,2.0,0.5,1.0,255.0,0.0,197.0,0
2.0,1.0,2.0,1.0,0.5,255.0,0.0,197.0,0
2.0,2.0,1.0,1.0,2.0,255.0,0.0,197.0,0
99.0,10.0,10.0,0.99,1.0,208.94949494949495,6.612467161895491,150.94949494949495,1
3.0,2.0,3.0,0.5,0.6666666666666666,255.0,0.0,197.0,0
3.0,2.0,3.0,0.5,0.6666666666666666,255.0,0.0,197.0,0
2.0,2.0,2.0,0.5,1.0,255.0,0.0,197.0,0
99.0,11.0,10.0,0.9,1.1,208.94949494949495,6.612467161895492,150.94949494949495,1
2.0,1.0,2.0,1.0,0.5,255.0,0.0,197.0,0
2.0,1.0,2.0,1.0,0.5,255.0,0.0,197.0,0
3.0,3.0,3.0,0.3333333333333333,1.0,255.0,0.0,197.0,0
101.0,11.0,10.0,0.9181818181818182,1.1,209.3960396039604,7.979030944313518,151.3960396039604,1
2.0,2.0,2.0,0.5,1.0,255.0,0.0,197.0,0
2.0,1.0,2.0,1.0,0.5,255.0,0.0,197.0,0
2.0,2.0,1.0,1.0,2.0,255.0,0.0,197.0,0
103.0,10.0,12.0,0.8583333333333333,0.8333333333333334,210.28155339805826,10.100867477625211,152.28155339805826,1
2.0,2.0,1.0,1.0,2.0,255.0,0.0,197.0,0
3.0,2.0,3.0,0.5,0.6666666666666666,255.0,0.0,197.0,0
2.0,2.0,2.0,0.5,1.0,255.0,0.0,197.0,0
96.0,10.0,10.0,0.96,1.0,208.48958333333334,4.771868064646056,150.48958333333334,1
2.0,2.0,2.0,0.5,1.0,255.0,0.0,197.0,0
2.0,2.0,2.0,0.5,1.0,255.0,0.0,197.0,0
2.0,2.0,2.0,0.5,1.0,255.0,0.0,197.0,0
97.0,11.0,11.0,0.8016528925619835,1.0,208.96907216494844,6.678868982971549,150.96907216494844,1
2.0,2.0,2.0,0.5,1.0,255.0,0.0,197.0,0
3.0,2.0,3.0,0.5,0.6666666666666666,255.0,0.0,197.0,0
2.0,2.0,1.0,1.0,2.0,255.0,0.0,197.0,0
96.0,11.0,10.0,0.8727272727272727,1.1,210.44791666666666,10.443169410020545,152.44791666666666,1
2.0,2.0,2.0,0.5,1.0,255.0,0.0,197.0,0
2.0,2.0,1.0,1.0,2.0,255.0,0.0,197.0,0
2.0,2.0,1.0,1.0,2.0,255.0,0.0,197.0,0
96.0,10.0,11.0,0.8727272727272727,0.9090909090909091,208.97916666666666,6.712828462892691,150.97916666666666,1
3.0,2.0,3.0,0.5,0.6666666666666666,255.0,0.0,197.0,0
2.0,1.0,2.0,1.0,0.5,255.0,0.0,197.0,0
2.0,1.0,2.0,1.0,0.5,255.0,0.0,197.0,0
102.0,11.0,11.0,0.8429752066115702,1.0,210.30392156862746,10.147721869025746,152.30392156862746,1
2.0,2.0,1.0,1.0,2.0,255.0,0.0,197.0,0
2.0,1.0,2.0,1.0,0.5,255.0,0.0,197.0,0
2.0,2.0,2.0,0.5,1.0,255.0,0.0,197.0,0
101.0,11.0,11.0,0.8347107438016529,1.0,208.93069306930693,6.5480061597535,150.93069306930693,1
2.0,2.0,2.0,0.5,1.0,255.0,0.0,197.0,0
2.0,2.0,2.0,0.5,1.0,255.0,0.0,197.0,0
2.0,1.0,2.0,1.0,0.5,255.0,0.0,197.0,0
99.0,12.0,10.0,0.825,1.2,208.94949494949495,6.612467161895492,150.94949494949495,1
2.0,2.0,1.0,1.0,2.0,255.0,0.0,197.0,0
2.0,2.0,1.0,1.0,2.0,255.0,0.0,197.0,0
2.0,2.0,1.0,1.0,2.0,255.0,0.0,197.0,0
99.0,10.0,10.0,0.99,1.0,209.8989898989899,9.254532004162048,151.8989898989899,1
2.0,2.0,2.0,0.5,1.0,255.0,0.0,197.0,0
2.0,2.0,1.0,1.0,2.0,255.0,0.0,197.0,0
2.0,2.0,2.0,0.5,1.0,255.0,0.0,197.0,0
101.0,10.0,11.0,0.9181818181818182,0.9090909090909091,209.86138613861385,9.166263696721128,151.86138613861385,1
3.0,1.0,3.0,1.0,0.3333333333333333,255.0,0.0,197.0,0
2.0,1.0,2.0,1.0,0.5,255.0,0.0,197.0,0
2.0,2.0,1.0,1.0,2.0,255.0,0.0,197.0,0
97.0,10.0,10.0,0.97,1.0,209.93814432989691,9.345393520962245,151.93814432989691,1
3.0,2.0,2.0,0.75,1.0,255.0,0.0,197.0,0
2.0,2.0,2.0,0.5,1.0,255.0,0.0,197.0,0
2.0,2.0,1.0,1.0,2.0,255.0,0.0,197.0,0
99.0,10.0,10.0,0.99,1.0,208.94949494949495,6.612467161895492,150.94949494949495,1
3.0,2.0,2.0,0.75,1.0,255.0,0.0,197.0,0
3.0,2.0,3.0,0.5,0.6666666666666666,255.0,0.0,197.0,0
2.0,2.0,2.0,0.5,1.0,255.0,0.0,197.0,0
97.0,10.0,11.0,0.8818181818181818,0.9090909090909091,209.93814432989691,9.345393520962247,151.93814432989691,1
2.0,1.0,2.0,1.0,0.5,255.0,0.0,197.0,0
2.0,1.0,2.0,1.0,0.5,255.0,0.0,197.0,0
2.0,2.0,2.0,0.5,1.0,255.0,0.0,197.0,0
94.0,11.0,11.0,0.7768595041322314,1.0,210.0,9.486832980505138,152.0,1
4.0,3.0,3.0,0.4444444444444444,1.0,255.0,0.0,197.0,0
2.0,1.0,2.0,1.0,0.5,255.0,0.0,197.0,0
2.0,1.0,2.0,1.0,0.5,255.0,0.0,197.0,0
100.0,10.0,11.0,0.9090909090909091,0.9090909090909091,209.41,8.017599391339031,151.41,1
2.0,2.0,2.0,0.5,1.0,255.0,0.0,197.0,0
2.0,2.0,2.0,0.5,1.0,255.0,0.0,197.0,0
2.0,1.0,2.0,1.0,0.5,255.0,0.0,197.0,0
102.0,11.0,11.0,0.8429752066115702,1.0,211.68627450980392,12.635912400739178,153.68627450980392,1
2.0,2.0,2.0,0.5,1.0,255.0,0.0,197.0,0
2.0,1.0,2.0,1.0,0.5,255.0,0.0,197.0,0
2.0,2.0,2.0,0.5,1.0,255.0,0.0,197.0,0
98.0,10.0,10.0,0.98,1.0,209.4387755102041,8.096442058758205,151.4387755102041,1
2.0,2.0,2.0,0.5,1.0,255.0,0.0,197.0,0
2.0,1.0,2.0,1.0,0.5,255.0,0.0,197.0,0
2.0,1.0,2.0,1.0,0.5,255.0,0.0,197.0,0
100.0,11.0,12.0,0.7575757575757576,0.9166666666666666,210.82,11.161881561815642,152.82,1
2.0,2.0,1.0,1.0,2.0,255.0,0.0,197.0,0
2.0,2.0,1.0,1.0,2.0,255.0,0.0,197.0,0
2.0,2.0,2.0,0.5,1.0,255.0,0.0,197.0,0
99.0,10.0,11.0,0.9,0.9090909090909091,209.42424242424244,8.056731809883086,151.42424242424244,1
2.0,1.0,2.0,1.0,0.5,255.0,0.0,197.0,0
2.0,2.0,2.0,0.5,1.0,255.0,0.0,197.0,0
2.0,2.0,2.0,0.5,1.0,255.0,0.0,197.0,0
97.0,12.0,11.0,0.7348484848484849,1.0909090909090908,209.4536082474227,8.1367444774855,151.4536082474227,1
3.0,3.0,1.0,1.0,3.0,255.0,0.0,197.0,0
2.0,2.0,1.0,1.0,2.0,255.0,0.0,197.0,0
3.0,3.0,2.0,0.5,1.5,255.0,0.0,197.0,0
97.0,11.0,10.0,0.8818181818181818,1.1,208.96907216494844,6.67886898297155,150.96907216494844,1
2.0,1.0,2.0,1.0,0.5,255.0,0.0,197.0,0
3.0,3.0,2.0,0.5,1.5,255.0,0.0,197.0,0
3.0,2.0,3.0,0.5,0.6666666666666666,255.0,0.0,197.0,0
97.0,11.0,11.0,0.8016528925619835,1.0,208.96907216494844,6.67886898297155,150.96907216494844,1
2.0,1.0,2.0,1.0,0.5,255.0,0.0,197.0,0
2.0,2.0,2.0,0.5,1.0,255.0,0.0,197.0,0
2.0,2.0,1.0,1.0,2.0,255.0,0.0,197.0,0
98.0,11.0,11.0,0.8099173553719008,1.0,208.9591836734694,6.645419424958141,150.9591836734694,1
2.0,2.0,2.0,0.5,1.0,255.0,0.0,197.0,0
2.0,2.0,2.0,0.5,1.0,255.0,0.0,197.0,0
2.0,2.0,2.0,0.5,1.0,255.0,0.0,197.0,0
102.0,12.0,10.0,0.85,1.2,210.30392156862746,10.147721869025746,152.30392156862746,1
2.0,1.0,2.0,1.0,0.5,255.0,0.0,197.0,0
2.0,2.0,2.0,0.5,1.0,255.0,0.0,197.0,0
2.0,2.0,1.0,1.0,2.0,255.0,0.0,197.0,0
99.0,10.0,11.0,0.9,0.9090909090909091,209.8989898989899,9.254532004162048,151.8989898989899,1
2.0,2.0,2.0,0.5,1.0,255.0,0.0,197.0,0
2.0,2.0,2.0,0.5,1.0,255.0,0.0,197.0,0
3.0,3.0,2.0,0.5,1.5,255.0,0.0,197.0,0
99.0,10.0,11.0,0.9,0.9090909090909091,209.42424242424244,8.056731809883086,151.42424242424244,1
2.0,2.0,2.0,0.5,1.0,255.0,0.0,197.0,0
3.0,2.0,2.0,0.75,1.0,255.0,0.0,197.0,0
2.0,2.0,1.0,1.0,2.0,255.0,0.0,197.0,0
99.0,10.0,11.0,0.9,0.9090909090909091,210.37373737373738,10.292279992605085,152.37373737373738,1
2.0,2.0,1.0,1.0,2.0,255.0,0.0,197.0,0
2.0,1.0,2.0,1.0,0.5,255.0,0.0,197.0,0
2.0,2.0,2.0,0.5,1.0,255.0,0.0,197.0,0
102.0,11.0,11.0,0.8429752066115702,1.0,210.76470588235293,11.058823529411768,152.76470588235293,1
2.0,2.0,1.0,1.0,2.0,255.0,0.0,197.0,0
4.0,3.0,3.0,0.4444444444444444,1.0,255.0,0.0,197.0,0
2.0,2.0,2.0,0.5,1.0,255.0,0.0,197.0,0
99.0,12.0,11.0,0.75,1.0909090909090908,210.84848484848484,11.214496062986518,152.84848484848484,1
2.0,2.0,2.0,0.5,1.0,255.0,0.0,197.0,0
2.0,2.0,1.0,1.0,2.0,255.0,0.0,197.0,0
2.0,1.0,2.0,1.0,0.5,255.0,0.0,197.0,0
100.0,11.0,10.0,0.9090909090909091,1.1,208.47,4.676440954401111,150.47,1
2.0,2.0,1.0,1.0,2.0,255.0,0.0,197.0,0
3.0,2.0,2.0,0.75,1.0,255.0,0.0,197.0,0
2.0,1.0,2.0,1.0,0.5,255.0,0.0,197.0,0
101.0,12.0,10.0,0.8416666666666667,1.2,211.25742574257427,11.936841602057246,153.25742574257427,1
2.0,2.0,1.0,1.0,2.0,255.0,0.0,197.0,0
2.0,2.0,2.0,0.5,1.0,255.0,0.0,197.0,0
2.0,2.0,1.0,1.0,2.0,255.0,0.0,197.0,0
99.0,10.0,12.0,0.825,0.8333333333333334,210.84848484848484,11.21449606298652,152.84848484848484,1
2.0,2.0,1.0,1.0,2.0,255.0,0.0,197.0,0
3.0,3.0,2.0,0.5,1.5,255.0,0.0,197.0,0
2.0,1.0,2.0,1.0,0.5,255.0,0.0,197.0,0
100.0,11.0,11.0,0.8264462809917356,1.0,208.94,6.580000000000001,150.94,1
2.0,2.0,2.0,0.5,1.0,255.0,0.0,197.0,0
2.0,2.0,1.0,1.0,2.0,255.0,0.0,197.0,0
2.0,2.0,2.0,0.5,1.0,255.0,0.0,197.0,0
99.0,10.0,10.0,0.99,1.0,209.42424242424244,8.056731809883086,151.42424242424244,1
2.0,1.0,2.0,1.0,0.5,255.0,0.0,197.0,0
2.0,2.0,2.0,0.5,1.0,255.0,0.0,197.0,0
2.0,2.0,1.0,1.0,2.0,255.0,0.0,197.0,0
97.0,10.0,11.0,0.8818181818181818,0.9090909090909091,209.93814432989691,9.345393520962247,151.93814432989691,1
2.0,2.0,1.0,1.0,2.0,255.0,0.0,197.0,0
2.0,2.0,2.0,0.5,1.0,255.0,0.0,197.0,0
2.0,2.0,2.0,0.5,1.0,255.0,0.0,197.0,0
99.0,10.0,10.0,0.99,1.0,182.73737373737373,7.299627579521734,107.73737373737373,1
2.0,2.0,2.0,0.5,1.0,255.0,0.0,180.0,0
2.0,1.0,2.0,1.0,0.5,255.0,0.0,180.0,0
4.0,3.0,3.0,0.4444444444444444,1.0,255.0,0.0,180.0,0
100.0,10.0,10.0,1.0,1.0,184.19,12.452867139739343,109.19,1
2.0,2.0,2.0,0.5,1.0,255.0,0.0,180.0,0
2.0,2.0,2.0,0.5,1.0,255.0,0.0,180.0,0
2.0,1.0,2.0,1.0,0.5,255.0,0.0,180.0,0
97.0,10.0,10.0,0.97,1.0,182.75257731958763,7.373721699924616,107.75257731958763,1
2.0,2.0,2.0,0.5,1.0,255.0,0.0,180.0,0
2.0,1.0,2.0,1.0,0.5,255.0,0.0,180.0,0
2.0,1.0,2.0,1.0,0.5,255.0,0.0,180.0,0
100.0,10.0,11.0,0.9090909090909091,0.9090909090909091,183.46,10.219999999999999,108.46000000000001,1
2.0,2.0,2.0,0.5,1.0,255.0,0.0,180.0,0
2.0,1.0,2.0,1.0,0.5,255.0,0.0,180.0,0
2.0,2.0,2.0,0.5,1.0,255.0,0.0,180.0,0
99.0,10.0,10.0,0.99,1.0,182.0,0.0,107.0,1
2.0,2.0,1.0,1.0,2.0,255.0,0.0,180.0,0
2.0,1.0,2.0,1.0,0.5,255.0,0.0,180.0,0
4.0,3.0,3.0,0.4444444444444444,1.0,255.0,0.0,180.0,0
98.0,10.0,11.0,0.8909090909090909,0.9090909090909091,183.48979591836735,10.321608894083925,108.48979591836735,1
2.0,1.0,2.0,1.0,0.5,255.0,0.0,180.0,0
2.0,2.0,2.0,0.5,1.0,255.0,0.0,180.0,0
3.0,2.0,3.0,0.5,0.6666666666666666,255.0,0.0,180.0,0
98.0,10.0,10.0,0.98,1.0,184.23469387755102,12.575324899773387,109.23469387755102,1
2.0,1.0,2.0,1.0,0.5,255.0,0.0,180.0,0
2.0,2.0,1.0,1.0,2.0,255.0,0.0,180.0,0
3.0,2.0,3.0,0.5,0.6666666666666666,255.0,0.0,180.0,0
100.0,10.0,11.0,0.9090909090909091,0.9090909090909091,184.19,12.452867139739343,109.19,1
2.0,2.0,1.0,1.0,2.0,255.0,0.0,180.0,0
2.0,2.0,1.0,1.0,2.0,255.0,0.0,180.0,0
2.0,2.0,1.0,1.0,2.0,255.0,0.0,180.0,0
100.0,11.0,11.0,0.8264462809917356,1.0,184.19,12.452867139739343,109.19,1
2.0,1.0,2.0,1.0,0.5,255.0,0.0,180.0,0
2.0,1.0,2.0,1.0,0.5,255.0,0.0,180.0,0
2.0,2.0,1.0,1.0,2.0,255.0,0.0,180.0,0
103.0,13.0,10.0,0.7923076923076923,1.3,187.66990291262135,19.538554541797794,112.66990291262135,1
2.0,2.0,2.0,0.5,1.0,255.0,0.0,180.0,0
2.0,2.0,2.0,0.5,1.0,255.0,0.0,180.0,0
2.0,2.0,2.0,0.5,1.0,255.0,0.0,180.0,0
99.0,10.0,10.0,0.99,1.0,183.4747474747475,10.270427719539803,108.47474747474749,1
2.0,2.0,2.0,0.5,1.0,255.0,0.0,180.0,0
2.0,2.0,2.0,0.5,1.0,255.0,0.0,180.0,0
2.0,2.0,1.0,1.0,2.0,255.0,0.0,180.0,0
101.0,11.0,12.0,0.7651515151515151,0.9166666666666666,187.05940594059405,18.540200786174022,112.05940594059405,1
2.0,1.0,2.0,1.0,0.5,255.0,0.0,180.0,0
2.0,1.0,2.0,1.0,0.5,255.0,0.0,180.0,0
5.0,3.0,4.0,0.4166666666666667,0.75,255.0,0.0,180.0,0
96.0,10.0,10.0,0.96,1.0,184.28125,12.701462452705988,109.28125,1
2.0,1.0,2.0,1.0,0.5,255.0,0.0,180.0,0
3.0,2.0,2.0,0.75,1.0,255.0,0.0,180.0,0
2.0,2.0,2.0,0.5,1.0,255.0,0.0,180.0,0
99.0,11.0,10.0,0.9,1.1,183.4747474747475,10.270427719539805,108.47474747474749,1
2.0,2.0,1.0,1.0,2.0,255.0,0.0,180.0,1
2.0,1.0,2.0,1.0,0.5,255.0,0.0,180.0,0
3.0,2.0,3.0,0.5,0.6666666666666666,255.0,0.0,180.0,0
2.0,2.0,2.0,0.5,1.0,255.0,0.0,180.0,0
104.0,12.0,11.0,0.7878787878787878,1.0909090909090908,186.91346153846155,18.290450733039673,111.91346153846155,1
2.0,2.0,2.0,0.5,1.0,255.0,0.0,180.0,0
3.0,1.0,3.0,1.0,0.3333333333333333,255.0,0.0,180.0,0
2.0,1.0,2.0,1.0,0.5,255.0,0.0,180.0,0
99.0,10.0,10.0,0.99,1.0,183.4747474747475,10.270427719539803,108.47474747474749,1
2.0,1.0,2.0,1.0,0.5,255.0,0.0,180.0,1
2.0,2.0,1.0,1.0,2.0,255.0,0.0,180.0,0
3.0,1.0,3.0,1.0,0.3333333333333333,255.0,0.0,180.0,0
2.0,2.0,2.0,0.5,1.0,255.0,0.0,180.0,0
98.0,10.0,11.0,0.8909090909090909,0.9090909090909091,185.72448979591837,16.062874302631545,110.72448979591837,1
2.0,2.0,2.0,0.5,1.0,255.0,0.0,180.0,0
2.0,1.0,2.0,1.0,0.5,255.0,0.0,180.0,0
2.0,2.0,2.0,0.5,1.0,255.0,0.0,180.0,0
99.0,10.0,10.0,0.99,1.0,182.0,0.0,107.0,1
2.0,1.0,2.0,1.0,0.5,255.0,0.0,180.0,0
2.0,1.0,2.0,1.0,0.5,255.0,0.0,180.0,0
2.0,2.0,2.0,0.5,1.0,255.0,0.0,180.0,0
97.0,10.0,10.0,0.97,1.0,183.50515463917526,10.373562462913261,108.50515463917526,1
2.0,2.0,2.0,0.5,1.0,255.0,0.0,180.0,0
2.0,2.0,2.0,0.5,1.0,255.0,0.0,180.0,0
2.0,1.0,2.0,1.0,0.5,255.0,0.0,180.0,0
98.0,10.0,10.0,0.98,1.0,183.48979591836735,10.321608894083921,108.48979591836735,1
2.0,2.0,2.0,0.5,1.0,255.0,0.0,180.0,0
2.0,2.0,2.0,0.5,1.0,255.0,0.0,180.0,0
3.0,3.0,2.0,0.5,1.5,255.0,0.0,180.0,0
97.0,10.0,10.0,0.97,1.0,185.01030927835052,14.515185681494554,110.01030927835052,1
2.0,2.0,1.0,1.0,2.0,255.0,0.0,180.0,0
2.0,2.0,2.0,0.5,1.0,255.0,0.0,180.0,0
2.0,1.0,2.0,1.0,0.5,255.0,0.0,180.0,0
96.0,10.0,11.0,0.8727272727272727,0.9090909090909091,185.04166666666666,14.587320883409522,110.04166666666666,1
2.0,2.0,1.0,1.0,2.0,255.0,0.0,180.0,0
2.0,2.0,1.0,1.0,2.0,255.0,0.0,180.0,0
2.0,2.0,2.0,0.5,1.0,255.0,0.0,180.0,0
96.0,12.0,10.0,0.8,1.2,185.04166666666666,14.587320883409525,110.04166666666666,1
2.0,2.0,2.0,0.5,1.0,255.0,0.0,180.0,0
2.0,2.0,2.0,0.5,1.0,255.0,0.0,180.0,0
2.0,2.0,2.0,0.5,1.0,255.0,0.0,180.0,0
100.0,10.0,11.0,0.9090909090909091,0.9090909090909091,183.46,10.219999999999997,108.46000000000001,1
3.0,3.0,3.0,0.3333333333333333,1.0,255.0,0.0,180.0,0
2.0,2.0,2.0,0.5,1.0,255.0,0.0,180.0,0
2.0,2.0,2.0,0.5,1.0,255.0,0.0,180.0,0
99.0,11.0,10.0,0.9,1.1,184.21212121212122,12.513647279180114,109.21212121212122,1
2.0,2.0,2.0,0.5,1.0,255.0,0.0,180.0,0
2.0,2.0,1.0,1.0,2.0,255.0,0.0,180.0,0
3.0,2.0,3.0,0.5,0.6666666666666666,255.0,0.0,180.0,0
100.0,11.0,11.0,0.8264462809917356,1.0,184.19,12.452867139739345,109.19,1
2.0,2.0,1.0,1.0,2.0,255.0,0.0,180.0,0
2.0,2.0,2.0,0.5,1.0,255.0,0.0,180.0,0
3.0,2.0,3.0,0.5,0.6666666666666666,255.0,0.0,180.0,0
101.0,10.0,11.0,0.9181818181818182,0.9090909090909091,183.44554455445544,10.17030743961714,108.44554455445544,1
2.0,2.0,2.0,0.5,1.0,255.0,0.0,180.0,0
2.0,2.0,1.0,1.0,2.0,255.0,0.0,180.0,0
3.0,2.0,3.0,0.5,0.6666666666666666,255.0,0.0,180.0,0
99.0,10.0,10.0,0.99,1.0,184.21212121212122,12.513647279180114,109.21212121212122,1
2.0,1.0,2.0,1.0,0.5,255.0,0.0,180.0,0
2.0,2.0,1.0,1.0,2.0,255.0,0.0,180.0,0
2.0,1.0,2.0,1.0,0.5,255.0,0.0,180.0,0
100.0,10.0,10.0,1.0,1.0,184.92,14.305020097853756,109.91999999999999,1
2.0,1.0,2.0,1.0,0.5,255.0,0.0,180.0,0
2.0,2.0,2.0,0.5,1.0,255.0,0.0,180.0,0
2.0,2.0,2.0,0.5,1.0,255.0,0.0,180.0,0
98.0,11.0,10.0,0.8909090909090909,1.1,184.9795918367347,14.444107330260893,109.9795918367347,1
2.0,2.0,2.0,0.5,1.0,255.0,0.0,180.0,0
2.0,2.0,2.0,0.5,1.0,255.0,0.0,180.0,0
2.0,2.0,1.0,1.0,2.0,255.0,0.0,180.0,0
98.0,10.0,10.0,0.98,1.0,182.74489795918367,7.3363940768481175,107.74489795918367,1
2.0,2.0,2.0,0.5,1.0,255.0,0.0,180.0,0
2.0,2.0,2.0,0.5,1.0,255.0,0.0,180.0,0
2.0,1.0,2.0,1.0,0.5,255.0,0.0,180.0,0
97.0,10.0,10.0,0.97,1.0,183.50515463917526,10.373562462913261,108.50515463917526,1
2.0,1.0,2.0,1.0,0.5,255.0,0.0,180.0,0
2.0,2.0,1.0,1.0,2.0,255.0,0.0,180.0,0
2.0,2.0,1.0,1.0,2.0,255.0,0.0,180.0,0
96.0,10.0,10.0,0.96,1.0,185.80208333333334,16.22024184960638,110.80208333333334,1
2.0,2.0,1.0,1.0,2.0,255.0,0.0,180.0,0
2.0,2.0,2.0,0.5,1.0,255.0,0.0,180.0,0
2.0,2.0,2.0,0.5,1.0,255.0,0.0,180.0,0
98.0,11.0,10.0,0.8909090909090909,1.1,184.9795918367347,14.444107330260897,109.9795918367347,1
3.0,2.0,2.0,0.75,1.0,255.0,0.0,180.0,0
2.0,1.0,2.0,1.0,0.5,255.0,0.0,180.0,0
2.0,2.0,1.0,1.0,2.0,255.0,0.0,180.0,0
97.0,11.0,11.0,0.8016528925619835,1.0,185.01030927835052,14.515185681494552,110.01030927835052,1
3.0,2.0,3.0,0.5,0.6666666666666666,255.0,0.0,180.0,0
2.0,2.0,2.0,0.5,1.0,255.0,0.0,180.0,0
2.0,2.0,2.0,0.5,1.0,255.0,0.0,180.0,0
98.0,10.0,10.0,0.98,1.0,185.72448979591837,16.062874302631542,110.72448979591837,1
2.0,2.0,2.0,0.5,1.0,255.0,0.0,180.0,0
2.0,2.0,1.0,1.0,2.0,255.0,0.0,180.0,0
3.0,2.0,3.0,0.5,0.6666666666666666,255.0,0.0,180.0,0
102.0,11.0,12.0,0.7727272727272727,0.9166666666666666,184.14705882352942,12.333913917566946,109.14705882352942,1
2.0,2.0,2.0,0.5,1.0,255.0,0.0,180.0,0
2.0,1.0,2.0,1.0,0.5,255.0,0.0,180.0,0
3.0,3.0,2.0,0.5,1.5,255.0,0.0,180.0,0
101.0,12.0,10.0,0.8416666666666667,1.2,183.44554455445544,10.170307439617142,108.44554455445544,1
2.0,2.0,2.0,0.5,1.0,255.0,0.0,180.0,0
2.0,2.0,2.0,0.5,1.0,255.0,0.0,180.0,0
2.0,1.0,2.0,1.0,0.5,255.0,0.0,180.0,0
98.0,10.0,10.0,0.98,1.0,183.48979591836735,10.321608894083923,108.48979591836735,1
2.0,1.0,2.0,1.0,0.5,255.0,0.0,180.0,0
2.0,1.0,2.0,1.0,0.5,255.0,0.0,180.0,0
2.0,2.0,2.0,0.5,1.0,255.0,0.0,180.0,0
96.0,10.0,10.0,0.96,1.0,184.28125,12.701462452705988,109.28125,1
3.0,2.0,2.0,0.75,1.0,255.0,0.0,180.0,0
2.0,2.0,2.0,0.5,1.0,255.0,0.0,180.0,0
3.0,2.0,3.0,0.5,0.6666666666666666,255.0,0.0,180.0,0
100.0,10.0,10.0,1.0,1.0,182.48,10.360000000000001,162.48,1
2.0,2.0,2.0,0.5,1.0,255.0,0.0,235.0,0
2.0,2.0,2.0,0.5,1.0,255.0,0.0,235.0,0
3.0,3.0,2.0,0.5,1.5,255.0,0.0,235.0,0
94.0,10.0,10.0,0.94,1.0,183.36170212765958,13.007241079760794,163.36170212765958,1
3.0,3.0,3.0,0.3333333333333333,1.0,255.0,0.0,235.0,0
2.0,2.0,2.0,0.5,1.0,255.0,0.0,235.0,0
2.0,2.0,2.0,0.5,1.0,255.0,0.0,235.0,0
98.0,10.0,10.0,0.98,1.0,184.0204081632653,14.641971814237074,164.0204081632653,1
2.0,2.0,2.0,0.5,1.0,255.0,0.0,235.0,0
2.0,2.0,1.0,1.0,2.0,255.0,0.0,235.0,0
3.0,2.0,3.0,0.5,0.6666666666666666,255.0,0.0,235.0,0
99.0,10.0,11.0,0.9,0.9090909090909091,182.4949494949495,10.411118510218433,162.4949494949495,1
2.0,2.0,2.0,0.5,1.0,255.0,0.0,235.0,0
2.0,2.0,2.0,0.5,1.0,255.0,0.0,235.0,0
2.0,2.0,2.0,0.5,1.0,255.0,0.0,235.0,0
95.0,10.0,10.0,0.95,1.0,182.55789473684212,10.623425742915298,162.55789473684212,1
2.0,2.0,2.0,0.5,1.0,255.0,0.0,235.0,0
2.0,2.0,2.0,0.5,1.0,255.0,0.0,235.0,0
2.0,2.0,2.0,0.5,1.0,255.0,0.0,235.0,0
97.0,11.0,10.0,0.8818181818181818,1.1,184.81443298969072,16.362094676546533,164.81443298969072,1
2.0,1.0,2.0,1.0,0.5,255.0,0.0,235.0,0
2.0,2.0,2.0,0.5,1.0,255.0,0.0,235.0,0
2.0,2.0,1.0,1.0,2.0,255.0,0.0,235.0,0
101.0,11.0,10.0,0.9181818181818182,1.1,182.46534653465346,10.309626719611893,162.46534653465346,1
2.0,2.0,2.0,0.5,1.0,255.0,0.0,235.0,0
2.0,2.0,2.0,0.5,1.0,255.0,0.0,235.0,0
2.0,2.0,2.0,0.5,1.0,255.0,0.0,235.0,0
101.0,12.0,11.0,0.7651515151515151,1.0909090909090908,183.93069306930693,14.431989650156666,163.93069306930693,1
2.0,2.0,2.0,0.5,1.0,255.0,0.0,235.0,0
3.0,3.0,1.0,1.0,3.0,255.0,0.0,235.0,0
2.0,2.0,1.0,1.0,2.0,255.0,0.0,235.0,0
98.0,10.0,10.0,0.98,1.0,181.75510204081633,7.436892625846036,161.75510204081633,1
2.0,2.0,1.0,1.0,2.0,255.0,0.0,235.0,0
2.0,2.0,2.0,0.5,1.0,255.0,0.0,235.0,0
2.0,2.0,1.0,1.0,2.0,255.0,0.0,235.0,0
94.0,10.0,10.0,0.94,1.0,182.5744680851064,10.678562101090849,162.5744680851064,1
2.0,2.0,2.0,0.5,1.0,255.0,0.0,235.0,0
2.0,1.0,2.0,1.0,0.5,255.0,0.0,235.0,0
2.0,2.0,2.0,0.5,1.0,255.0,0.0,235.0,0
98.0,10.0,10.0,0.98,1.0,184.0204081632653,14.641971814237072,164.0204081632653,1
2.0,2.0,2.0,0.5,1.0,255.0,0.0,235.0,0
2.0,2.0,2.0,0.5,1.0,255.0,0.0,235.0,0
3.0,3.0,3.0,0.3333333333333333,1.0,255.0,0.0,235.0,0
99.0,11.0,11.0,0.8181818181818182,1.0,183.989898989899,14.570965283148755,163.989898989899,1
2.0,1.0,2.0,1.0,0.5,255.0,0.0,235.0,0
2.0,2.0,1.0,1.0,2.0,255.0,0.0,235.0,0
2.0,2.0,2.0,0.5,1.0,255.0,0.0,235.0,0
101.0,12.0,11.0,0.7651515151515151,1.0909090909090908,186.12871287128712,18.794176139409284,166.12871287128712,1
2.0,2.0,1.0,1.0,2.0,255.0,0.0,235.0,0
2.0,2.0,2.0,0.5,1.0,255.0,0.0,235.0,0
2.0,2.0,1.0,1.0,2.0,255.0,0.0,235.0,0
98.0,10.0,11.0,0.8909090909090909,0.9090909090909091,184.77551020408163,16.28291367664019,164.77551020408163,1
2.0,2.0,1.0,1.0,2.0,255.0,0.0,235.0,0
2.0,2.0,2.0,0.5,1.0,255.0,0.0,235.0,0
2.0,1.0,2.0,1.0,0.5,255.0,0.0,235.0,0
98.0,10.0,11.0,0.8909090909090909,0.9090909090909091,182.51020408163265,10.463000796742605,162.51020408163265,1
2.0,2.0,2.0,0.5,1.0,255.0,0.0,235.0,0
2.0,2.0,2.0,0.5,1.0,255.0,0.0,235.0,0
2.0,2.0,1.0,1.0,2.0,255.0,0.0,235.0,0
99.0,11.0,10.0,0.9,1.1,186.23232323232324,18.96878258572251,166.23232323232324,1
2.0,2.0,2.0,0.5,1.0,255.0,0.0,235.0,0
2.0,1.0,2.0,1.0,0.5,255.0,0.0,235.0,0
3.0,2.0,2.0,0.75,1.0,255.0,0.0,235.0,0
103.0,11.0,12.0,0.7803030303030303,0.9166666666666666,184.59223300970874,15.903493475409908,164.59223300970874,1
2.0,2.0,1.0,1.0,2.0,255.0,0.0,235.0,0
2.0,1.0,2.0,1.0,0.5,255.0,0.0,235.0,0
2.0,2.0,2.0,0.5,1.0,255.0,0.0,235.0,0
102.0,11.0,12.0,0.7727272727272727,0.9166666666666666,186.80392156862746,19.894840801163816,166.80392156862746,1
2.0,2.0,1.0,1.0,2.0,255.0,0.0,235.0,0
2.0,2.0,2.0,0.5,1.0,255.0,0.0,235.0,0
2.0,1.0,2.0,1.0,0.5,255.0,0.0,235.0,0
98.0,10.0,10.0,0.98,1.0,182.51020408163265,10.463000796742605,162.51020408163265,1
2.0,2.0,1.0,1.0,2.0,255.0,0.0,235.0,0
2.0,1.0,2.0,1.0,0.5,255.0,0.0,235.0,0
3.0,2.0,3.0,0.5,0.6666666666666666,255.0,0.0,235.0,0
101.0,12.0,11.0,0.7651515151515151,1.0909090909090908,184.66336633663366,16.052067031834568,164.66336633663366,1
2.0,2.0,2.0,0.5,1.0,255.0,0.0,235.0,0
2.0,2.0,1.0,1.0,2.0,255.0,0.0,235.0,0
2.0,1.0,2.0,1.0,0.5,255.0,0.0,235.0,0
98.0,10.0,10.0,0.98,1.0,184.0204081632653,14.641971814237072,164.0204081632653,1
2.0,1.0,2.0,1.0,0.5,255.0,0.0,235.0,0
2.0,2.0,2.0,0.5,1.0,255.0,0.0,235.0,0
2.0,2.0,2.0,0.5,1.0,255.0,0.0,235.0,0
98.0,10.0,11.0,0.8909090909090909,0.9090909090909091,183.26530612244898,12.747589624427814,163.26530612244898,1
2.0,2.0,1.0,1.0,2.0,255.0,0.0,235.0,0
2.0,2.0,2.0,0.5,1.0,255.0,0.0,235.0,0
2.0,1.0,2.0,1.0,0.5,255.0,0.0,235.0,0
96.0,10.0,11.0,0.8727272727272727,0.9090909090909091,183.3125,12.875455089044426,163.3125,1
3.0,2.0,3.0,0.5,0.6666666666666666,255.0,0.0,235.0,0
2.0,2.0,2.0,0.5,1.0,255.0,0.0,235.0,0
4.0,3.0,4.0,0.3333333333333333,0.75,255.0,0.0,235.0,0
99.0,11.0,11.0,0.8181818181818182,1.0,183.989898989899,14.570965283148757,163.989898989899,1
2.0,2.0,1.0,1.0,2.0,255.0,0.0,235.0,0
2.0,2.0,1.0,1.0,2.0,255.0,0.0,235.0,0
2.0,1.0,2.0,1.0,0.5,255.0,0.0,235.0,0
98.0,10.0,10.0,0.98,1.0,183.26530612244898,12.747589624427814,163.26530612244898,1
2.0,2.0,2.0,0.5,1.0,255.0,0.0,235.0,0
2.0,2.0,1.0,1.0,2.0,255.0,0.0,235.0,0
3.0,3.0,2.0,0.5,1.5,255.0,0.0,235.0,0
97.0,11.0,10.0,0.8818181818181818,1.1,182.5257731958763,10.515666058295633,162.5257731958763,1
2.0,2.0,2.0,0.5,1.0,255.0,0.0,235.0,0
2.0,2.0,1.0,1.0,2.0,255.0,0.0,235.0,0
3.0,2.0,3.0,0.5,0.6666666666666666,255.0,0.0,235.0,0
98.0,11.0,10.0,0.8909090909090909,1.1,184.0204081632653,14.641971814237072,164.0204081632653,1
2.0,2.0,2.0,0.5,1.0,255.0,0.0,235.0,0
2.0,2.0,2.0,0.5,1.0,255.0,0.0,235.0,0
2.0,2.0,1.0,1.0,2.0,255.0,0.0,235.0,0
100.0,11.0,11.0,0.8264462809917356,1.0,184.7,16.127926091100488,164.7,1
2.0,2.0,2.0,0.5,1.0,255.0,0.0,235.0,0
2.0,1.0,2.0,1.0,0.5,255.0,0.0,235.0,0
2.0,2.0,2.0,0.5,1.0,255.0,0.0,235.0,0
99.0,11.0,10.0,0.9,1.1,184.73737373737373,16.20486637133567,164.73737373737373,1
2.0,2.0,2.0,0.5,1.0,255.0,0.0,235.0,0
2.0,2.0,2.0,0.5,1.0,255.0,0.0,235.0,0
2.0,2.0,2.0,0.5,1.0,255.0,0.0,235.0,0
97.0,11.0,12.0,0.7348484848484849,0.9166666666666666,184.05154639175257,14.714023841515022,164.05154639175257,1
2.0,1.0,2.0,1.0,0.5,255.0,0.0,235.0,0
2.0,1.0,2.0,1.0,0.5,255.0,0.0,235.0,0
3.0,2.0,2.0,0.75,1.0,255.0,0.0,235.0,0
94.0,11.0,10.0,0.8545454545454545,1.1,182.5744680851064,10.678562101090849,162.5744680851064,1
2.0,2.0,2.0,0.5,1.0,255.0,0.0,235.0,0
2.0,2.0,2.0,0.5,1.0,255.0,0.0,235.0,0
2.0,2.0,2.0,0.5,1.0,255.0,0.0,235.0,0
95.0,10.0,10.0,0.95,1.0,184.1157894736842,14.861368611548208,164.1157894736842,1
2.0,2.0,1.0,1.0,2.0,255.0,0.0,235.0,1
2.0,2.0,2.0,0.5,1.0,255.0,0.0,235.0,0
2.0,1.0,2.0,1.0,0.5,255.0,0.0,235.0,0
2.0,2.0,1.0,1.0,2.0,255.0,0.0,235.0,0
95.0,10.0,10.0,0.95,1.0,182.55789473684212,10.623425742915298,162.55789473684212,1
2.0,2.0,2.0,0.5,1.0,255.0,0.0,235.0,0
3.0,2.0,3.0,0.5,0.6666666666666666,255.0,0.0,235.0,0
2.0,2.0,2.0,0.5,1.0,255.0,0.0,235.0,0
96.0,10.0,10.0,0.96,1.0,181.0,0.0,161.0,1
2.0,2.0,2.0,0.5,1.0,255.0,0.0,235.0,0
2.0,2.0,2.0,0.5,1.0,255.0,0.0,235.0,0
2.0,2.0,1.0,1.0,2.0,255.0,0.0,235.0,0
95.0,10.0,10.0,0.95,1.0,184.1157894736842,14.861368611548212,164.1157894736842,1
2.0,2.0,2.0,0.5,1.0,255.0,0.0,235.0,0
2.0,2.0,2.0,0.5,1.0,255.0,0.0,235.0,0
2.0,1.0,2.0,1.0,0.5,255.0,0.0,235.0,0
98.0,10.0,10.0,0.98,1.0,185.53061224489795,17.740881004302736,165.53061224489795,1
2.0,2.0,1.0,1.0,2.0,255.0,0.0,235.0,0
2.0,2.0,1.0,1.0,2.0,255.0,0.0,235.0,0
4.0,2.0,4.0,0.5,0.5,255.0,0.0,235.0,0
101.0,10.0,11.0,0.9181818181818182,0.9090909090909091,183.93069306930693,14.431989650156666,163.93069306930693,1
2.0,1.0,2.0,1.0,0.5,255.0,0.0,235.0,0
2.0,1.0,2.0,1.0,0.5,255.0,0.0,235.0,0
2.0,2.0,2.0,0.5,1.0,255.0,0.0,235.0,0
97.0,10.0,10.0,0.97,1.0,184.05154639175257,14.714023841515022,164.05154639175257,1
3.0,2.0,3.0,0.5,0.6666666666666666,255.0,0.0,235.0,0
2.0,2.0,2.0,0.5,1.0,255.0,0.0,235.0,0
2.0,2.0,2.0,0.5,1.0,255.0,0.0,235.0,0
102.0,11.0,11.0,0.8429752066115702,1.0,184.62745098039215,15.977264219317139,164.62745098039215,1
3.0,3.0,2.0,0.5,1.5,255.0,0.0,235.0,0
3.0,2.0,3.0,0.5,0.6666666666666666,255.0,0.0,235.0,0
2.0,2.0,1.0,1.0,2.0,255.0,0.0,235.0,0
97.0,10.0,10.0,0.97,1.0,181.0,0.0,161.0,1
2.0,2.0,1.0,1.0,2.0,255.0,0.0,235.0,0
2.0,2.0,2.0,0.5,1.0,255.0,0.0,235.0,0
2.0,2.0,2.0,0.5,1.0,255.0,0.0,235.0,0
2.0,1.0,2.0,1.0,0.5,255.0,0.0,255.0,1
3.0,2.0,2.0,0.75,1.0,255.0,0.0,255.0,0
2.0,2.0,1.0,1.0,2.0,255.0,0.0,255.0,0
2.0,1.0,2.0,1.0,0.5,255.0,0.0,255.0,0
2.0,2.0,2.0,0.5,1.0,255.0,0.0,255.0,1
2.0,2.0,2.0,0.5,1.0,255.0,0.0,255.0,0
2.0,2.0,2.0,0.5,1.0,255.0,0.0,255.0,0
2.0,2.0,2.0,0.5,1.0,255.0,0.0,255.0,0
2.0,1.0,2.0,1.0,0.5,255.0,0.0,255.0,0
2.0,1.0,2.0,1.0,0.5,255.0,0.0,255.0,0
3.0,2.0,3.0,0.5,0.6666666666666666,255.0,0.0,255.0,0
2.0,1.0,2.0,1.0,0.5,255.0,0.0,255.0,0
2.0,1.0,2.0,1.0,0.5,255.0,0.0,255.0,0
3.0,2.0,3.0,0.5,0.6666666666666666,255.0,0.0,255.0,0
2.0,2.0,1.0,1.0,2.0,255.0,0.0,255.0,0
2.0,2.0,2.0,0.5,1.0,255.0,0.0,255.0,0
2.0,2.0,2.0,0.5,1.0,255.0,0.0,255.0,0
3.0,3.0,2.0,0.5,1.5,255.0,0.0,255.0,0
2.0,1.0,2.0,1.0,0.5,255.0,0.0,255.0,0
2.0,2.0,2.0,0.5,1.0,255.0,0.0,255.0,0
3.0,2.0,2.0,0.75,1.0,255.0,0.0,255.0,0
2.0,2.0,1.0,1.0,2.0,255.0,0.0,255.0,0
2.0,2.0,2.0,0.5,1.0,255.0,0.0,255.0,0
2.0,2.0,1.0,1.0,2.0,255.0,0.0,255.0,0
2.0,2.0,1.0,1.0,2.0,255.0,0.0,255.0,0
2.0,2.0,2.0,0.5,1.0,255.0,0.0,255.0,0
2.0,2.0,2.0,0.5,1.0,255.0,0.0,255.0,0
2.0,2.0,1.0,1.0,2.0,255.0,0.0,255.0,0
3.0,3.0,1.0,1.0,3.0,255.0,0.0,255.0,0
3.0,3.0,2.0,0.5,1.5,255.0,0.0,255.0,0
2.0,2.0,1.0,1.0,2.0,255.0,0.0,255.0,0
2.0,2.0,2.0,0.5,1.0,255.0,0.0,255.0,0
2.0,2.0,1.0,1.0,2.0,255.0,0.0,255.0,0
2.0,2.0,2.0,0.5,1.0,255.0,0.0,255.0,0
2.0,2.0,2.0,0.5,1.0,255.0,0.0,255.0,0
2.0,2.0,1.0,1.0,2.0,255.0,0.0,255.0,0
2.0,2.0,2.0,0.5,1.0,255.0,0.0,255.0,0
2.0,2.0,2.0,0.5,1.0,255.0,0.0,255.0,0
2.0,2.0,2.0,0.5,1.0,255.0,0.0,255.0,1
2.0,1.0,2.0,1.0,0.5,255.0,0.0,255.0,1
3.0,1.0,3.0,1.0,0.3333333333333333,255.0,0.0,255.0,0
2.0,2.0,2.0,0.5,1.0,255.0,0.0,255.0,0
2.0,2.0,2.0,0.5,1.0,255.0,0.0,255.0,0
2.0,1.0,2.0,1.0,0.5,255.0,0.0,255.0,0
2.0,2.0,2.0,0.5,1.0,255.0,0.0,255.0,0
3.0,3.0,2.0,0.5,1.5,255.0,0.0,255.0,0
2.0,2.0,2.0,0.5,1.0,255.0,0.0,255.0,0
3.0,3.0,3.0,0.3333333333333333,1.0,255.0,0.0,255.0,0
2.0,1.0,2.0,1.0,0.5,255.0,0.0,255.0,0
2.0,2.0,1.0,1.0,2.0,255.0,0.0,255.0,0
2.0,2.0,1.0,1.0,2.0,255.0,0.0,255.0,0
2.0,2.0,1.0,1.0,2.0,255.0,0.0,255.0,0
2.0,2.0,2.0,0.5,1.0,255.0,0.0,255.0,1
2.0,2.0,2.0,0.5,1.0,255.0,0.0,255.0,0
2.0,2.0,2.0,0.5,1.0,255.0,0.0,255.0,0
2.0,2.0,1.0,1.0,2.0,255.0,0.0,255.0,0
2.0,2.0,2.0,0.5,1.0,255.0,0.0,255.0,0
2.0,2.0,1.0,1.0,2.0,255.0,0.0,255.0,0
2.0,2.0,2.0,0.5,1.0,255.0,0.0,255.0,0
2.0,1.0,2.0,1.0,0.5,255.0,0.0,255.0,0
2.0,2.0,2.0,0.5,1.0,255.0,0.0,255.0,0
3.0,2.0,3.0,0.5,0.6666666666666666,255.0,0.0,255.0,0
2.0,2.0,2.0,0.5,1.0,255.0,0.0,255.0,1
2.0,1.0,2.0,1.0,0.5,255.0,0.0,255.0,0
2.0,2.0,2.0,0.5,1.0,255.0,0.0,255.0,0
2.0,2.0,1.0,1.0,2.0,255.0,0.0,255.0,0
6.0,5.0,3.0,0.4,1.6666666666666667,255.0,0.0,255.0,1
2.0,2.0,1.0,1.0,2.0,255.0,0.0,255.0,0
2.0,1.0,2.0,1.0,0.5,255.0,0.0,255.0,0
2.0,1.0,2.0,1.0,0.5,255.0,0.0,255.0,0
2.0,2.0,2.0,0.5,1.0,255.0,0.0,255.0,0
4.0,3.0,4.0,0.3333333333333333,0.75,255.0,0.0,255.0,0
2.0,2.0,2.0,0.5,1.0,255.0,0.0,255.0,0
2.0,1.0,2.0,1.0,0.5,255.0,0.0,255.0,0
2.0,1.0,2.0,1.0,0.5,255.0,0.0,255.0,0
2.0,2.0,2.0,0.5,1.0,255.0,0.0,255.0,0
2.0,2.0,1.0,1.0,2.0,255.0,0.0,255.0,1
2.0,2.0,1.0,1.0,2.0,255.0,0.0,255.0,0
2.0,2.0,2.0,0.5,1.0,255.0,0.0,255.0,0
2.0,1.0,2.0,1.0,0.5,255.0,0.0,255.0,0
2.0,1.0,2.0,1.0,0.5,255.0,0.0,255.0,0
2.0,1.0,2.0,1.0,0.5,255.0,0.0,255.0,0
2.0,1.0,2.0,1.0,0.5,255.0,0.0,255.0,0
2.0,2.0,2.0,0.5,1.0,255.0,0.0,255.0,0
2.0,2.0,1.0,1.0,2.0,255.0,0.0,255.0,0
2.0,1.0,2.0,1.0,0.5,255.0,0.0,255.0,0
2.0,1.0,2.0,1.0,0.5,255.0,0.0,255.0,0
2.0,1.0,2.0,1.0,0.5,255.0,0.0,255.0,0
2.0,2.0,1.0,1.0,2.0,255.0,0.0,255.0,0
2.0,2.0,2.0,0.5,1.0,255.0,0.0,255.0,0
2.0,1.0,2.0,1.0,0.5,255.0,0.0,255.0,0
2.0,2.0,2.0,0.5,1.0,255.0,0.0,255.0,0
2.0,1.0,2.0,1.0,0.5,255.0,0.0,255.0,0
2.0,1.0,2.0,1.0,0.5,255.0,0.0,255.0,0
2.0,2.0,1.0,1.0,2.0,255.0,0.0,255.0,0
2.0,2.0,1.0,1.0,2.0,255.0,0.0,255.0,1
2.0,1.0,2.0,1.0,0.5,255.0,0.0,255.0,1
2.0,1.0,2.0,1.0,0.5,255.0,0.0,255.0,0
2.0,2.0,1.0,1.0,2.0,255.0,0.0,255.0,0
2.0,2.0,2.0,0.5,1.0,255.0,0.0,255.0,0
2.0,2.0,1.0,1.0,2.0,255.0,0.0,255.0,0
2.0,2.0,2.0,0.5,1.0,255.0,0.0,255.0,0
2.0,1.0,2.0,1.0,0.5,255.0,0.0,255.0,0
2.0,2.0,2.0,0.5,1.0,255.0,0.0,255.0,1
2.0,2.0,2.0,0.5,1.0,255.0,0.0,255.0,0
2.0,2.0,1.0,1.0,2.0,255.0,0.0,255.0,0
2.0,2.0,2.0,0.5,1.0,255.0,0.0,255.0,0
2.0,1.0,2.0,1.0,0.5,255.0,0.0,255.0,1
2.0,1.0,2.0,1.0,0.5,255.0,0.0,255.0,0
2.0,2.0,2.0,0.5,1.0,255.0,0.0,255.0,0
2.0,2.0,1.0,1.0,2.0,255.0,0.0,255.0,0
2.0,2.0,2.0,0.5,1.0,255.0,0.0,255.0,0
3.0,2.0,2.0,0.75,1.0,255.0,0.0,255.0,0
2.0,2.0,2.0,0.5,1.0,255.0,0.0,255.0,0
2.0,2.0,1.0,1.0,2.0,255.0,0.0,255.0,1
2.0,2.0,2.0,0.5,1.0,255.0,0.0,255.0,0
2.0,2.0,1.0,1.0,2.0,255.0,0.0,255.0,0
2.0,1.0,2.0,1.0,0.5,255.0,0.0,255.0,0
2.0,2.0,2.0,0.5,1.0,255.0,0.0,255.0,0
2.0,1.0,2.0,1.0,0.5,255.0,0.0,255.0,0
2.0,2.0,1.0,1.0,2.0,255.0,0.0,255.0,0
2.0,2.0,2.0,0.5,1.0,255.0,0.0,255.0,1
2.0,1.0,2.0,1.0,0.5,255.0,0.0,255.0,0
2.0,2.0,2.0,0.5,1.0,255.0,0.0,255.0,0
2.0,2.0,2.0,0.5,1.0,255.0,0.0,255.0,0
2.0,1.0,2.0,1.0,0.5,255.0,0.0,255.0,1
2.0,2.0,2.0,0.5,1.0,255.0,0.0,255.0,0
2.0,2.0,2.0,0.5,1.0,255.0,0.0,255.0,0
2.0,1.0,2.0,1.0,0.5,255.0,0.0,255.0,0
2.0,2.0,2.0,0.5,1.0,255.0,0.0,255.0,0
2.0,1.0,2.0,1.0,0.5,255.0,0.0,255.0,0
2.0,2.0,1.0,1.0,2.0,255.0,0.0,255.0,0
2.0,1.0,2.0,1.0,0.5,255.0,0.0,255.0,0
2.0,2.0,2.0,0.5,1.0,255.0,0.0,255.0,0
2.0,1.0,2.0,1.0,0.5,255.0,0.0,255.0,0
100.0,10.0,10.0,1.0,1.0,251.33,4.1232390180536465,211.33,1
100.0,10.0,10.0,1.0,1.0,251.62,4.088471597064116,211.62,1
100.0,10.0,10.0,1.0,1.0,251.96,3.8546595180378773,211.96,1
100.0,10.0,10.0,1.0,1.0,251.34,4.650204296587408,211.34,1
100.0,10.0,10.0,1.0,1.0,252.51,3.8196727608526886,212.51,1
100.0,10.0,10.0,1.0,1.0,252.25,4.2127781807258735,212.25,1
100.0,10.0,10.0,1.0,1.0,251.94,4.417736977231669,211.94,1
100.0,10.0,10.0,1.0,1.0,251.72,4.159519202984883,211.72,1
100.0,10.0,10.0,1.0,1.0,252.01,4.24145022368529,212.01,1
100.0,10.0,10.0,1.0,1.0,252.56,3.623037399751761,212.56,1
100.0,10.0,10.0,1.0,1.0,252.11,3.931653596134838,212.11,1
100.0,10.0,10.0,1.0,1.0,252.4,3.5972211497209896,212.4,1
100.0,10.0,10.0,1.0,1.0,251.56,4.763024249360904,211.56,1
100.0,10.0,10.0,1.0,1.0,251.92,4.293436851754082,211.92,1
100.0,10.0,10.0,1.0,1.0,251.7,4.260281680828158,211.7,1
100.0,10.0,10.0,1.0,1.0,252.39,3.641139931395112,212.39,1
100.0,10.0,10.0,1.0,1.0,251.42,4.477007929409999,211.42,1
100.0,10.0,10.0,1.0,1.0,251.97,4.186776803222259,211.97,1
100.0,10.0,10.0,1.0,1.0,252.35,3.8919789310837745,212.35,1
100.0,10.0,10.0,1.0,1.0,252.79,3.287232878881568,212.79,1
100.0,10.0,10.0,1.0,1.0,251.74,3.8564750744689125,211.74,1
100.0,10.0,10.0,1.0,1.0,251.81,4.415189690149224,211.81,1
100.0,10.0,10.0,1.0,1.0,251.43,4.43678937972043,211.43,1
100.0,10.0,10.0,1.0,1.0,252.16,3.908247689182455,212.16,1
100.0,10.0,10.0,1.0,1.0,252.11,4.074052036977436,212.11,1
100.0,10.0,10.0,1.0,1.0,252.58,3.8083592267536948,212.58,1
100.0,10.0,10.0,1.0,1.0,252.0,3.6633318168028404,212.0,1
100.0,10.0,10.0,1.0,1.0,251.59,4.1954618339343765,211.59,1
100.0,10.0,10.0,1.0,1.0,251.77,4.310116007719514,211.77,1
100.0,10.0,10.0,1.0,1.0,252.59,3.4873915753754985,212.59,1
100.0,10.0,10.0,1.0,1.0,252.03,4.339251087457374,212.03,1
100.0,10.0,10.0,1.0,1.0,251.36,4.325551987897035,211.36,1
100.0,10.0,10.0,1.0,1.0,252.33,3.5526187524134922,212.33,1
100.0,10.0,10.0,1.0,1.0,251.74,4.09052563859463,211.74,1
100.0,10.0,10.0,1.0,1.0,252.46,3.4246751670778934,212.46,1
100.0,10.0,10.0,1.0,1.0,252.66,3.429927112928203,212.66,1
100.0,10.0,10.0,1.0,1.0,251.79,4.6114965033056246,211.79,1
100.0,10.0,10.0,1.0,1.0,252.34,4.042820797413607,212.34,1
100.0,10.0,10.0,1.0,1.0,252.73,3.602374217096275,212.73,1
100.0,10.0,10.0,1.0,1.0,252.07,3.8736416974211747,212.07,1
100.0,10.0,10.0,1.0,1.0,207.95,5.743474558139872,149.95,1
100.0,10.0,10.0,1.0,1.0,207.81,6.309825671125946,149.81,1
100.0,10.0,10.0,1.0,1.0,208.45,5.56843784198046,150.45,1
100.0,10.0,10.0,1.0,1.0,208.07,6.09139557080313,150.07,1
100.0,10.0,10.0,1.0,1.0,208.48,6.406996176056295,150.48,1
100.0,10.0,10.0,1.0,1.0,208.31,4.967282959526264,150.31,1
100.0,10.0,10.0,1.0,1.0,208.21,5.664441720063858,150.21,1
100.0,10.0,10.0,1.0,1.0,208.52,5.83006003399622,150.52,1
100.0,10.0,10.0,1.0,1.0,207.3,5.42125446737192,149.3,1
100.0,10.0,10.0,1.0,1.0,208.85,5.687486263719676,150.85,1
100.0,10.0,10.0,1.0,1.0,207.18,6.465879677197837,149.18,1
100.0,10.0,10.0,1.0,1.0,208.32,6.270374789436434,150.32,1
100.0,10.0,10.0,1.0,1.0,208.57,6.8062544765825495,150.57,1
100.0,10.0,10.0,1.0,1.0,208.48,5.910126902190848,150.48,1
100.0,10.0,10.0,1.0,1.0,208.03,5.485353224724913,150.03,1
100.0,10.0,10.0,1.0,1.0,208.58,5.551900575478635,150.58,1
100.0,10.0,10.0,1.0,1.0,207.73,6.648089951256676,149.73,1
100.0,10.0,10.0,1.0,1.0,207.84,6.205997099580373,149.84,1
100.0,10.0,10.0,1.0,1.0,208.53,6.5183663597561,150.53,1
100.0,10.0,10.0,1.0,1.0,206.81,5.835571951402878,148.81,1
100.0,10.0,10.0,1.0,1.0,207.65,6.226355274155178,149.65,1
100.0,10.0,10.0,1.0,1.0,208.46,6.062045859278863,150.46,1
100.0,10.0,10.0,1.0,1.0,208.79,5.650300876944518,150.79,1
100.0,10.0,10.0,1.0,1.0,209.09,5.409426956711774,151.09,1
100.0,10.0,10.0,1.0,1.0,209.51,5.417554798984501,151.51,1
100.0,10.0,10.0,1.0,1.0,208.3,5.982474404458409,150.3,1
100.0,10.0,10.0,1.0,1.0,206.12,5.5141273108262565,148.12,1
100.0,10.0,10.0,1.0,1.0,207.63,6.136212186683247,149.63,1
100.0,10.0,10.0,1.0,1.0,208.59,5.858489566432631,150.59,1
100.0,10.0,10.0,1.0,1.0,207.17,6.229052897511789,149.17,1
100.0,10.0,10.0,1.0,1.0,208.68,5.619394985227502,150.68,1
100.0,10.0,10.0,1.0,1.0,207.98,6.0794407637545085,149.98,1
100.0,10.0,10.0,1.0,1.0,206.53,6.00575557278183,148.53,1
100.0,10.0,10.0,1.0,1.0,207.79,5.715408996738554,149.79,1
100.0,10.0,10.0,1.0,1.0,207.54,6.197451088955846,149.54,1
100.0,10.0,10.0,1.0,1.0,208.11,6.215939188891732,150.11,1
100.0,10.0,10.0,1.0,1.0,209.16,6.4849363913611375,151.16,1
100.0,10.0,10.0,1.0,1.0,208.7,5.959026766175834,150.7,1
100.0,10.0,10.0,1.0,1.0,207.7,5.855766388782941,149.7,1
100.0,10.0,10.0,1.0,1.0,207.84,5.7248930121007495,149.84,1
2.0,1.0,2.0,1.0,0.5,77.5,0.5,2.5,0
2.0,1.0,2.0,1.0,0.5,80.0,0.0,5.0,0
2.0,2.0,2.0,0.5,1.0,77.5,0.5,2.5,0
2.0,1.0,2.0,1.0,0.5,80.0,3.0,5.0,0
2.0,2.0,2.0,0.5,1.0,76.5,1.5,1.5,0
2.0,1.0,2.0,1.0,0.5,77.5,2.5,2.5,0
3.0,1.0,3.0,1.0,0.3333333333333333,78.33333333333333,1.699673171197595,3.3333333333333286,0
3.0,2.0,2.0,0.75,1.0,75.33333333333333,0.4714045207910317,0.3333333333333286,0
12.0,4.0,6.0,0.5,0.6666666666666666,77.33333333333333,2.134374745810949,2.3333333333333286,0
2.0,1.0,2.0,1.0,0.5,77.5,0.5,2.5,0
14.0,4.0,8.0,0.4375,0.5,77.07142857142857,1.9072899889740982,2.0714285714285694,0
2.0,1.0,2.0,1.0,0.5,78.5,2.5,3.5,0
4.0,2.0,3.0,0.6666666666666666,0.6666666666666666,77.75,2.384848003542364,2.75,0
4.0,2.0,3.0,0.6666666666666666,0.6666666666666666,77.0,2.1213203435596424,2.0,0
3.0,3.0,1.0,1.0,3.0,77.0,0.816496580927726,2.0,0
2.0,2.0,1.0,1.0,2.0,78.5,1.5,3.5,0
3.0,3.0,3.0,0.3333333333333333,1.0,76.66666666666667,1.699673171197595,1.6666666666666714,0
2.0,1.0,2.0,1.0,0.5,77.5,2.5,2.5,0
5.0,3.0,3.0,0.5555555555555556,1.0,77.6,2.1540659228538015,2.5999999999999943,0
4.0,3.0,2.0,0.6666666666666666,1.5,78.5,1.118033988749895,3.5,0
2.0,2.0,2.0,0.5,1.0,76.0,1.0,1.0,0
2.0,1.0,2.0,1.0,0.5,76.0,0.0,1.0,0
2.0,2.0,2.0,0.5,1.0,77.5,1.5,2.5,0
4.0,3.0,4.0,0.3333333333333333,0.75,78.5,2.598076211353316,3.5,0
5.0,2.0,4.0,0.625,0.5,77.4,1.3564659966250536,2.4000000000000057,0
4.0,3.0,2.0,0.6666666666666666,1.5,77.25,1.920286436967152,2.25,0
3.0,3.0,2.0,0.5,1.5,77.0,0.816496580927726,2.0,0
2.0,2.0,2.0,0.5,1.0,77.5,1.5,2.5,0
2.0,2.0,2.0,0.5,1.0,78.0,1.0,3.0,0
9.0,5.0,4.0,0.45,1.25,76.88888888888889,2.078698548207745,1.8888888888888857,0
2.0,2.0,1.0,1.0,2.0,77.5,1.5,2.5,0
2.0,2.0,1.0,1.0,2.0,81.5,3.5,6.5,0
23.0,5.0,8.0,0.575,0.625,77.65217391304348,2.388535946925282,2.652173913043484,0
5.0,4.0,2.0,0.625,2.0,78.6,1.2,3.5999999999999943,0
4.0,3.0,2.0,0.6666666666666666,1.5,77.25,1.299038105676658,2.25,0
3.0,2.0,2.0,0.75,1.0,78.33333333333333,0.4714045207910317,3.3333333333333286,0
6.0,2.0,6.0,0.5,0.3333333333333333,78.66666666666667,2.6874192494328497,3.6666666666666714,0
4.0,3.0,2.0,0.6666666666666666,1.5,76.5,2.598076211353316,1.5,0
3.0,2.0,2.0,0.75,1.0,78.33333333333333,1.247219128924647,3.3333333333333286,0
9.0,5.0,5.0,0.36,1.0,77.77777777777777,1.3966450099973928,2.7777777777777715,0
2.0,1.0,2.0,1.0,0.5,77.0,2.0,2.0,0
4.0,3.0,2.0,0.6666666666666666,1.5,76.75,3.031088913245535,1.75,0
3.0,3.0,2.0,0.5,1.5,75.0,0.0,0.0,0
5.0,4.0,2.0,0.625,2.0,76.6,1.019803902718557,1.5999999999999943,0
5.0,3.0,3.0,0.5555555555555556,1.0,77.2,2.9933259094191524,2.200000000000003,0
3.0,3.0,1.0,1.0,3.0,76.66666666666667,1.247219128924647,1.6666666666666714,0
3.0,2.0,2.0,0.75,1.0,76.66666666666667,0.4714045207910317,1.6666666666666714,0
3.0,1.0,3.0,1.0,0.3333333333333333,79.0,0.816496580927726,4.0,0
3.0,2.0,2.0,0.75,1.0,78.33333333333333,1.8856180831641267,3.3333333333333286,0
2.0,2.0,2.0,0.5,1.0,79.5,0.5,4.5,0
4.0,2.0,2.0,1.0,1.0,77.5,1.5,2.5,0
5.0,3.0,4.0,0.4166666666666667,0.75,76.8,1.16619037896906,1.7999999999999972,0
2.0,2.0,1.0,1.0,2.0,78.5,3.5,3.5,0
5.0,4.0,2.0,0.625,2.0,77.0,1.6733200530681511,2.0,0
4.0,2.0,4.0,0.5,0.5,77.25,2.277608394786075,2.25,0
2.0,2.0,1.0,1.0,2.0,79.0,1.0,4.0,0
4.0,3.0,3.0,0.4444444444444444,1.0,76.75,2.0463381929681126,1.75,0
13.0,6.0,5.0,0.43333333333333335,1.2,78.15384615384616,2.2479444917234552,3.1538461538461604,0
6.0,3.0,3.0,0.6666666666666666,1.0,77.33333333333333,2.0548046676563256,2.3333333333333286,0
10.0,4.0,6.0,0.4166666666666667,0.6666666666666666,77.4,2.4979991993593593,2.4000000000000057,0
3.0,3.0,1.0,1.0,3.0,79.33333333333333,3.39934634239519,4.333333333333329,0
3.0,2.0,2.0,0.75,1.0,77.0,2.8284271247461903,2.0,0
8.0,3.0,4.0,0.6666666666666666,0.75,79.375,2.8256636388643286,4.375,0
4.0,2.0,3.0,0.6666666666666666,0.6666666666666666,76.25,0.82915619758885,1.25,0
2.0,2.0,2.0,0.5,1.0,76.0,1.0,1.0,0
5.0,4.0,4.0,0.3125,1.0,77.4,2.2449944320643644,2.4000000000000057,0
4.0,4.0,4.0,0.25,1.0,77.5,1.6583123951777,2.5,0
6.0,3.0,3.0,0.6666666666666666,1.0,77.83333333333333,2.266911751455907,2.8333333333333286,0
6.0,4.0,3.0,0.5,1.3333333333333333,76.66666666666667,2.0548046676563256,1.6666666666666714,0
2.0,2.0,2.0,0.5,1.0,79.5,2.5,4.5,0
2.0,2.0,1.0,1.0,2.0,77.5,2.5,2.5,0
2.0,2.0,2.0,0.5,1.0,76.5,0.5,1.5,0
9.0,3.0,5.0,0.6,0.6,77.22222222222223,1.8121673811444545,2.2222222222222285,0
4.0,3.0,2.0,0.6666666666666666,1.5,78.75,0.82915619758885,3.75,0
3.0,1.0,3.0,1.0,0.3333333333333333,76.0,0.816496580927726,1.0,0
2.0,2.0,1.0,1.0,2.0,76.5,0.5,1.5,0
4.0,2.0,2.0,1.0,1.0,78.0,3.3166247903554,3.0,0
2.0,1.0,2.0,1.0,0.5,77.0,2.0,2.0,0
3.0,2.0,2.0,0.75,1.0,79.0,2.449489742783178,4.0,0
2.0,2.0,1.0,1.0,2.0,76.0,1.0,1.0,0
2.0,1.0,2.0,1.0,0.5,76.5,0.5,1.5,0
2.0,1.0,2.0,1.0,0.5,77.5,0.5,2.5,0
5.0,2.0,4.0,0.625,0.5,78.0,1.7888543819998317,3.0,0
2.0,1.0,2.0,1.0,0.5,77.0,1.0,2.0,0
2.0,2.0,1.0,1.0,2.0,76.5,1.5,1.5,0
3.0,3.0,2.0,0.5,1.5,77.33333333333333,2.0548046676563256,2.3333333333333286,0
16.0,9.0,4.0,0.4444444444444444,2.25,76.8125,1.589762167747113,1.8125,0
2.0,1.0,2.0,1.0,0.5,79.0,4.0,4.0,0
2.0,1.0,2.0,1.0,0.5,76.5,0.5,1.5,0
2.0,1.0,2.0,1.0,0.5,78.0,0.0,3.0,0
2.0,1.0,2.0,1.0,0.5,75.5,0.5,0.5,0
23.0,6.0,9.0,0.42592592592592593,0.6666666666666666,77.0,1.6939791077198396,2.0,0
3.0,3.0,2.0,0.5,1.5,79.33333333333333,3.681787005729087,4.333333333333329,0
6.0,4.0,2.0,0.75,2.0,77.83333333333333,1.2133516482134197,2.8333333333333286,0
2.0,2.0,1.0,1.0,2.0,78.0,1.0,3.0,0
2.0,1.0,2.0,1.0,0.5,77.5,1.5,2.5,0
2.0,1.0,2.0,1.0,0.5,76.0,1.0,1.0,0
20.0,9.0,7.0,0.31746031746031744,1.2857142857142858,76.85,1.4239030865898141,1.8499999999999943,0
3.0,3.0,2.0,0.5,1.5,77.0,1.4142135623730951,2.0,0
2.0,2.0,1.0,1.0,2.0,76.5,1.5,1.5,0
3.0,2.0,2.0,0.75,1.0,75.66666666666667,0.9428090415820634,0.6666666666666714,0
2.0,2.0,1.0,1.0,2.0,78.0,3.0,3.0,0
4.0,2.0,3.0,0.6666666666666666,0.6666666666666666,77.25,1.920286436967152,2.25,0
5.0,3.0,4.0,0.4166666666666667,0.75,78.6,1.019803902718557,3.5999999999999943,0
4.0,3.0,2.0,0.6666666666666666,1.5,77.75,1.299038105676658,2.75,0
2.0,2.0,1.0,1.0,2.0,79.5,0.5,4.5,0
13.0,6.0,5.0,0.43333333333333335,1.2,77.53846153846153,2.5903781908434977,2.538461538461533,0
2.0,2.0,1.0,1.0,2.0,78.0,0.0,3.0,0
2.0,2.0,1.0,1.0,2.0,76.0,1.0,1.0,0
2.0,2.0,1.0,1.0,2.0,79.0,1.0,4.0,0
6.0,3.0,3.0,0.6666666666666666,1.0,77.5,1.5,2.5,0
2.0,2.0,1.0,1.0,2.0,78.5,0.5,3.5,0
2.0,1.0,2.0,1.0,0.5,75.5,0.5,0.5,0
2.0,2.0,2.0,0.5,1.0,80.0,1.0,5.0,0
7.0,6.0,3.0,0.3888888888888889,2.0,76.71428571428571,1.577908716741037,1.7142857142857082,0
2.0,1.0,2.0,1.0,0.5,76.5,0.5,1.5,0
2.0,1.0,2.0,1.0,0.5,75.5,0.5,0.5,0
2.0,1.0,2.0,1.0,0.5,77.0,1.0,2.0,0
2.0,1.0,2.0,1.0,0.5,78.5,0.5,3.5,0
2.0,1.0,2.0,1.0,0.5,77.5,1.5,2.5,0
100.0,10.0,10.0,1.0,1.0,181.64,5.117655713312493,161.64,1
100.0,10.0,10.0,1.0,1.0,181.31,4.655523601057136,161.31,1
100.0,10.0,10.0,1.0,1.0,180.28,5.228919582475906,160.28,1
100.0,10.0,10.0,1.0,1.0,181.4,5.598214000911362,161.4,1
100.0,10.0,10.0,1.0,1.0,181.61,5.973098023638989,161.61,1
100.0,10.0,10.0,1.0,1.0,181.18,5.084053500898667,161.18,1
100.0,10.0,10.0,1.0,1.0,180.75,5.428397553606405,160.75,1
100.0,10.0,10.0,1.0,1.0,181.14,5.261216589345091,161.14,1
100.0,10.0,10.0,1.0,1.0,180.07,5.387494779579837,160.07,1
100.0,10.0,10.0,1.0,1.0,181.28,5.403850479056577,161.28,1
100.0,10.0,10.0,1.0,1.0,180.97,5.298027934996191,160.97,1
100.0,10.0,10.0,1.0,1.0,180.74,5.588595530184663,160.74,1
100.0,10.0,10.0,1.0,1.0,181.01,5.769740028805457,161.01,1
100.0,10.0,10.0,1.0,1.0,181.63,5.92394294368202,161.63,1
100.0,10.0,10.0,1.0,1.0,180.76,5.77601939054917,160.76,1
100.0,10.0,10.0,1.0,1.0,181.29,5.573679215742506,161.29,1
100.0,10.0,10.0,1.0,1.0,180.31,5.903719166762592,160.31,1
100.0,10.0,10.0,1.0,1.0,180.9,4.784349485562275,160.9,1
100.0,10.0,10.0,1.0,1.0,180.97,4.805111861341003,160.97,1
100.0,10.0,10.0,1.0,1.0,179.97,5.358087345312691,159.97,1
100.0,10.0,10.0,1.0,1.0,180.22,4.5794759525517765,160.22,1
100.0,10.0,10.0,1.0,1.0,180.75,5.850427334819226,160.75,1
100.0,10.0,10.0,1.0,1.0,181.2,5.379591062525106,161.2,1
100.0,10.0,10.0,1.0,1.0,180.32,5.137859476474614,160.32,1
100.0,10.0,10.0,1.0,1.0,181.65,5.588157120196246,161.65,1
100.0,10.0,10.0,1.0,1.0,179.51,4.539812771469767,159.51,1
100.0,10.0,10.0,1.0,1.0,180.25,5.748695504199191,160.25,1
100.0,10.0,10.0,1.0,1.0,180.87,4.9125451651867795,160.87,1
100.0,10.0,10.0,1.0,1.0,181.06,5.777231170725298,161.06,1
100.0,10.0,10.0,1.0,1.0,181.46,5.459706951842746,161.46,1
100.0,10.0,10.0,1.0,1.0,180.33,4.968007648947412,160.33,1
100.0,10.0,10.0,1.0,1.0,180.67,5.075539380203842,160.67,1
100.0,10.0,10.0,1.0,1.0,180.29,5.793608547356302,160.29,1
100.0,10.0,10.0,1.0,1.0,180.68,5.278029935496766,160.68,1
100.0,10.0,10.0,1.0,1.0,180.32,5.700666627684871,160.32,1
100.0,10.0,10.0,1.0,1.0,181.04,4.722118168788239,161.04,1
100.0,10.0,10.0,1.0,1.0,181.5,5.806031346797914,161.5,1
100.0,10.0,10.0,1.0,1.0,180.61,5.2723713829737,160.61,1
100.0,10.0,10.0,1.0,1.0,179.73,5.145590345140196,159.73,1
100.0,10.0,10.0,1.0,1.0,180.24,5.716852280757305,160.24,1
100.0,10.0,10.0,1.0,1.0,69.93,3.400749917297653,69.93,1
100.0,10.0,10.0,1.0,1.0,70.13,3.724661058405181,70.13,1
100.0,10.0,10.0,1.0,1.0,70.24,3.4586702647115697,70.24,1
100.0,10.0,10.0,1.0,1.0,69.66,3.311253539069456,69.66,1
100.0,10.0,10.0,1.0,1.0,69.58,3.271635676538572,69.58,1
100.0,10.0,10.0,1.0,1.0,69.94,3.554771441316586,69.94,1
100.0,10.0,10.0,1.0,1.0,69.77,3.478088555514365,69.77,1
100.0,10.0,10.0,1.0,1.0,69.16,3.015692291995322,69.16,1
100.0,10.0,10.0,1.0,1.0,70.05,3.3417809623013888,70.05,1
100.0,10.0,10.0,1.0,1.0,69.81,3.2914890247424498,69.81,1
100.0,10.0,10.0,1.0,1.0,70.0,4.127953488110059,70.0,1
100.0,10.0,10.0,1.0,1.0,70.09,3.292704055939434,70.09,1
100.0,10.0,10.0,1.0,1.0,69.64,3.2140939625343874,69.64,1
100.0,10.0,10.0,1.0,1.0,70.18,3.0639190589831187,70.18,1
100.0,10.0,10.0,1.0,1.0,69.91,3.6389421539782685,69.91,1
100.0,10.0,10.0,1.0,1.0,69.78,3.3334066658600174,69.78,1
100.0,10.0,10.0,1.0,1.0,69.74,3.6568292276232968,69.74,1
100.0,10.0,10.0,1.0,1.0,70.33,3.6029293637261337,70.33,1
100.0,10.0,10.0,1.0,1.0,69.74,2.8935099792466588,69.74,1
100.0,10.0,10.0,1.0,1.0,70.09,2.9936432653207024,70.09,1
100.0,10.0,10.0,1.0,1.0,70.02,3.611038631751258,70.02,1
100.0,10.0,10.0,1.0,1.0,70.25,3.2446109165815242,70.25,1
100.0,10.0,10.0,1.0,1.0,70.0,3.6578682316343767,70.0,1
100.0,10.0,10.0,1.0,1.0,70.04,3.4348799105645598,70.04,1
100.0,10.0,10.0,1.0,1.0,69.64,3.3212046007435316,69.64,1
100.0,10.0,10.0,1.0,1.0,69.83,3.3438151862804855,69.83,1
100.0,10.0,10.0,1.0,1.0,69.44,3.4966269460724577,69.44,1
100.0,10.0,10.0,1.0,1.0,70.43,3.0141499630907544,70.43,1
100.0,10.0,10.0,1.0,1.0,69.7,3.1543620591175006,69.7,1
100.0,10.0,10.0,1.0,1.0,70.27,3.746611802682525,70.27,1
100.0,10.0,10.0,1.0,1.0,70.21,3.1977961160774466,70.21,1
100.0,10.0,10.0,1.0,1.0,70.38,3.318975745617915,70.38,1
100.0,10.0,10.0,1.0,1.0,69.29,3.3505074242568096,69.29,1
100.0,10.0,10.0,1.0,1.0,69.33,2.778686740170615,69.33,1
100.0,10.0,10.0,1.0,1.0,69.63,3.1165846691530774,69.63,1
100.0,10.0,10.0,1.0,1.0,69.53,3.713367743706513,69.53,1
100.0,10.0,10.0,1.0,1.0,69.98,3.337603930966046,69.98,1
100.0,10.0,10.0,1.0,1.0,70.42,3.674724479467814,70.42,1
100.0,10.0,10.0,1.0,1.0,70.15,3.5647580563062067,70.15,1
100.0,10.0,10.0,1.0,1.0,69.81,3.637842767355401,69.81,1
95.0,11.0,11.0,0.7851239669421488,1.0,250.16842105263157,7.210595466437527,210.16842105263157,1
2.0,2.0,1.0,1.0,2.0,255.0,0.0,215.0,0
2.0,2.0,2.0,0.5,1.0,255.0,0.0,215.0,0
2.0,2.0,2.0,0.5,1.0,255.0,0.0,215.0,0
99.0,11.0,10.0,0.9,1.1,250.73737373737373,6.360525133307114,210.73737373737373,1
2.0,2.0,2.0,0.5,1.0,255.0,0.0,215.0,0
2.0,2.0,2.0,0.5,1.0,255.0,0.0,215.0,0
2.0,2.0,1.0,1.0,2.0,255.0,0.0,215.0,0
101.0,10.0,12.0,0.8416666666666667,0.8333333333333334,249.35643564356437,7.700564668013268,209.35643564356437,1
4.0,4.0,2.0,0.5,2.0,255.0,0.0,215.0,0
2.0,2.0,1.0,1.0,2.0,255.0,0.0,215.0,0
2.0,2.0,1.0,1.0,2.0,255.0,0.0,215.0,0
101.0,11.0,11.0,0.8347107438016529,1.0,249.73267326732673,7.637701029240255,209.73267326732673,1
2.0,2.0,2.0,0.5,1.0,255.0,0.0,215.0,0
2.0,2.0,2.0,0.5,1.0,255.0,0.0,215.0,0
3.0,2.0,3.0,0.5,0.6666666666666666,255.0,0.0,215.0,0
97.0,10.0,11.0,0.8818181818181818,0.9090909090909091,249.63917525773195,7.564411475408032,209.63917525773195,1
2.0,1.0,2.0,1.0,0.5,255.0,0.0,215.0,0
2.0,2.0,2.0,0.5,1.0,255.0,0.0,215.0,0
2.0,2.0,2.0,0.5,1.0,255.0,0.0,215.0,0
98.0,10.0,11.0,0.8909090909090909,0.9090909090909091,250.5612244897959,6.557541734725412,210.5612244897959,1
2.0,1.0,2.0,1.0,0.5,255.0,0.0,215.0,0
2.0,1.0,2.0,1.0,0.5,255.0,0.0,215.0,0
2.0,2.0,2.0,0.5,1.0,255.0,0.0,215.0,0
99.0,11.0,10.0,0.9,1.1,248.88888888888889,8.112702210069742,209.88888888888889,1
2.0,2.0,2.0,0.5,1.0,255.0,0.0,216.0,0
3.0,3.0,2.0,0.5,1.5,255.0,0.0,216.0,0
2.0,2.0,1.0,1.0,2.0,255.0,0.0,216.0,0
99.0,10.0,11.0,0.9,0.9090909090909091,250.35353535353536,6.597080975724436,210.35353535353536,1
3.0,3.0,2.0,0.5,1.5,255.0,0.0,215.0,0
2.0,2.0,2.0,0.5,1.0,255.0,0.0,215.0,0
2.0,2.0,1.0,1.0,2.0,255.0,0.0,215.0,0
98.0,10.0,10.0,0.98,1.0,250.8265306122449,7.049425378527688,210.8265306122449,1
2.0,2.0,2.0,0.5,1.0,255.0,0.0,215.0,0
2.0,2.0,1.0,1.0,2.0,255.0,0.0,215.0,0
2.0,1.0,2.0,1.0,0.5,255.0,0.0,215.0,0
97.0,11.0,10.0,0.8818181818181818,1.1,249.88659793814432,7.222354027900159,210.88659793814432,1
2.0,2.0,2.0,0.5,1.0,255.0,0.0,216.0,0
2.0,1.0,2.0,1.0,0.5,255.0,0.0,216.0,0
2.0,1.0,2.0,1.0,0.5,255.0,0.0,216.0,0
100.0,11.0,10.0,0.9090909090909091,1.1,250.36,6.772769005362576,211.36,1
2.0,2.0,1.0,1.0,2.0,255.0,0.0,216.0,0
2.0,2.0,2.0,0.5,1.0,255.0,0.0,216.0,0
2.0,2.0,2.0,0.5,1.0,255.0,0.0,216.0,0
98.0,10.0,10.0,0.98,1.0,250.91836734693877,6.362635619640774,210.91836734693877,1
2.0,2.0,2.0,0.5,1.0,255.0,0.0,215.0,0
2.0,2.0,1.0,1.0,2.0,255.0,0.0,215.0,0
2.0,2.0,1.0,1.0,2.0,255.0,0.0,215.0,0
100.0,10.0,12.0,0.8333333333333334,0.8333333333333334,248.29,8.450201181037054,208.29,1
2.0,1.0,2.0,1.0,0.5,255.0,0.0,215.0,0
2.0,2.0,1.0,1.0,2.0,255.0,0.0,215.0,0
2.0,2.0,2.0,0.5,1.0,255.0,0.0,215.0,0
96.0,10.0,10.0,0.96,1.0,249.23958333333334,8.10316912241062,210.23958333333334,1
3.0,3.0,1.0,1.0,3.0,255.0,0.0,216.0,0
2.0,2.0,1.0,1.0,2.0,255.0,0.0,216.0,0
2.0,2.0,2.0,0.5,1.0,255.0,0.0,216.0,0
99.0,11.0,11.0,0.8181818181818182,1.0,250.16161616161617,7.027661177834761,210.16161616161617,1
2.0,2.0,2.0,0.5,1.0,255.0,0.0,215.0,0
2.0,1.0,2.0,1.0,0.5,255.0,0.0,215.0,0
3.0,3.0,2.0,0.5,1.5,255.0,0.0,215.0,0
99.0,12.0,11.0,0.75,1.0909090909090908,250.96969696969697,6.520293953611751,211.96969696969697,1
2.0,2.0,2.0,0.5,1.0,255.0,0.0,216.0,0
2.0,2.0,2.0,0.5,1.0,255.0,0.0,216.0,0
3.0,2.0,3.0,0.5,0.6666666666666666,255.0,0.0,216.0,0
99.0,10.0,10.0,0.99,1.0,250.6161616161616,6.393979287219765,210.6161616161616,1
3.0,2.0,2.0,0.75,1.0,255.0,0.0,215.0,0
2.0,1.0,2.0,1.0,0.5,255.0,0.0,215.0,0
2.0,1.0,2.0,1.0,0.5,255.0,0.0,215.0,0
96.0,10.0,10.0,0.96,1.0,251.13541666666666,6.441434544653508,211.13541666666666,1
2.0,1.0,2.0,1.0,0.5,255.0,0.0,215.0,0
2.0,2.0,1.0,1.0,2.0,255.0,0.0,215.0,0
2.0,2.0,2.0,0.5,1.0,255.0,0.0,215.0,0
98.0,10.0,11.0,0.8909090909090909,0.9090909090909091,250.6530612244898,7.1899902654078565,210.6530612244898,1
2.0,2.0,2.0,0.5,1.0,255.0,0.0,215.0,0
2.0,2.0,2.0,0.5,1.0,255.0,0.0,215.0,0
2.0,2.0,2.0,0.5,1.0,255.0,0.0,215.0,0
95.0,10.0,10.0,0.95,1.0,249.8,8.499659435901876,209.8,1
2.0,2.0,2.0,0.5,1.0,255.0,0.0,215.0,0
2.0,2.0,1.0,1.0,2.0,255.0,0.0,215.0,0
2.0,2.0,1.0,1.0,2.0,255.0,0.0,215.0,0
97.0,10.0,10.0,0.97,1.0,250.3298969072165,6.911400486905878,211.3298969072165,1
2.0,2.0,1.0,1.0,2.0,255.0,0.0,216.0,0
2.0,2.0,2.0,0.5,1.0,255.0,0.0,216.0,0
2.0,2.0,1.0,1.0,2.0,255.0,0.0,216.0,0
99.0,11.0,10.0,0.9,1.1,251.08080808080808,5.679445071193345,212.08080808080808,1
2.0,2.0,2.0,0.5,1.0,255.0,0.0,216.0,0
4.0,2.0,4.0,0.5,0.5,255.0,0.0,216.0,0
2.0,2.0,1.0,1.0,2.0,255.0,0.0,216.0,0
99.0,10.0,10.0,0.99,1.0,250.72727272727272,6.587128835794638,210.72727272727272,1
2.0,1.0,2.0,1.0,0.5,255.0,0.0,215.0,0
2.0,2.0,2.0,0.5,1.0,255.0,0.0,215.0,0
2.0,1.0,2.0,1.0,0.5,255.0,0.0,215.0,0
100.0,11.0,10.0,0.9090909090909091,1.1,250.1,7.057619995437556,210.1,1
2.0,2.0,2.0,0.5,1.0,255.0,0.0,215.0,0
3.0,3.0,2.0,0.5,1.5,255.0,0.0,215.0,0
2.0,2.0,2.0,0.5,1.0,255.0,0.0,215.0,0
98.0,12.0,10.0,0.8166666666666667,1.2,250.85714285714286,7.344302248015401,210.85714285714286,1
2.0,2.0,1.0,1.0,2.0,255.0,0.0,215.0,0
2.0,2.0,2.0,0.5,1.0,255.0,0.0,215.0,0
2.0,2.0,1.0,1.0,2.0,255.0,0.0,215.0,0
100.0,11.0,10.0,0.9090909090909091,1.1,250.73,6.742188072132073,211.73,1
2.0,1.0,2.0,1.0,0.5,255.0,0.0,216.0,0
2.0,2.0,1.0,1.0,2.0,255.0,0.0,216.0,0
2.0,2.0,1.0,1.0,2.0,255.0,0.0,216.0,0
96.0,10.0,10.0,0.96,1.0,248.53125,8.07381715407898,208.53125,1
2.0,2.0,1.0,1.0,2.0,255.0,0.0,215.0,0
2.0,2.0,2.0,0.5,1.0,255.0,0.0,215.0,0
2.0,2.0,2.0,0.5,1.0,255.0,0.0,215.0,0
96.0,10.0,10.0,0.96,1.0,250.22916666666666,7.957542499973775,211.22916666666666,1
2.0,2.0,2.0,0.5,1.0,255.0,0.0,216.0,0
2.0,2.0,2.0,0.5,1.0,255.0,0.0,216.0,0
3.0,2.0,3.0,0.5,0.6666666666666666,255.0,0.0,216.0,0
101.0,11.0,10.0,0.9181818181818182,1.1,250.44554455445544,6.601042893188762,210.44554455445544,1
3.0,2.0,3.0,0.5,0.6666666666666666,255.0,0.0,215.0,0
2.0,2.0,1.0,1.0,2.0,255.0,0.0,215.0,0
2.0,2.0,2.0,0.5,1.0,255.0,0.0,215.0,0
99.0,11.0,11.0,0.8181818181818182,1.0,251.1010101010101,6.543552535723753,212.1010101010101,1
2.0,2.0,2.0,0.5,1.0,255.0,0.0,216.0,0
2.0,1.0,2.0,1.0,0.5,255.0,0.0,216.0,0
2.0,2.0,1.0,1.0,2.0,255.0,0.0,216.0,0
99.0,10.0,10.0,0.99,1.0,249.8080808080808,8.066236862675382,210.8080808080808,1
3.0,2.0,2.0,0.75,1.0,255.0,0.0,216.0,0
2.0,1.0,2.0,1.0,0.5,255.0,0.0,216.0,0
2.0,1.0,2.0,1.0,0.5,255.0,0.0,216.0,0
98.0,10.0,10.0,0.98,1.0,250.6734693877551,7.255927218494083,211.6734693877551,1
2.0,1.0,2.0,1.0,0.5,255.0,0.0,216.0,0
2.0,2.0,2.0,0.5,1.0,255.0,0.0,216.0,0
4.0,3.0,4.0,0.3333333333333333,0.75,255.0,0.0,216.0,0
98.0,11.0,11.0,0.8099173553719008,1.0,250.76530612244898,6.632943478728228,210.76530612244898,1
3.0,2.0,2.0,0.75,1.0,255.0,0.0,215.0,0
2.0,1.0,2.0,1.0,0.5,255.0,0.0,215.0,0
2.0,2.0,1.0,1.0,2.0,255.0,0.0,215.0,0
97.0,10.0,10.0,0.97,1.0,249.84536082474227,7.30815136790401,209.84536082474227,1
2.0,2.0,1.0,1.0,2.0,255.0,0.0,215.0,0
2.0,2.0,2.0,0.5,1.0,255.0,0.0,215.0,0
2.0,2.0,2.0,0.5,1.0,255.0,0.0,215.0,0
99.0,10.0,10.0,0.99,1.0,248.73737373737373,8.025950157522002,209.73737373737373,1
2.0,2.0,2.0,0.5,1.0,255.0,0.0,216.0,0
2.0,2.0,2.0,0.5,1.0,255.0,0.0,216.0,0
2.0,2.0,2.0,0.5,1.0,255.0,0.0,216.0,0
99.0,11.0,10.0,0.9,1.1,249.74747474747474,7.424153095044257,210.74747474747474,1
2.0,2.0,1.0,1.0,2.0,255.0,0.0,216.0,0
2.0,1.0,2.0,1.0,0.5,255.0,0.0,216.0,0
2.0,2.0,1.0,1.0,2.0,255.0,0.0,216.0,0
101.0,12.0,12.0,0.7013888888888888,1.0,249.6039603960396,7.278177347618154,209.6039603960396,1
2.0,1.0,2.0,1.0,0.5,255.0,0.0,215.0,0
2.0,2.0,1.0,1.0,2.0,255.0,0.0,215.0,0
2.0,2.0,2.0,0.5,1.0,255.0,0.0,215.0,0
97.0,10.0,10.0,0.97,1.0,250.53608247422682,6.6875200828989945,211.53608247422682,1
2.0,2.0,2.0,0.5,1.0,255.0,0.0,216.0,0
2.0,1.0,2.0,1.0,0.5,255.0,0.0,216.0,0
2.0,2.0,1.0,1.0,2.0,255.0,0.0,216.0,0
99.0,11.0,10.0,0.9,1.1,248.7979797979798,7.713270471941798,209.2979797979798,1
2.0,2.0,2.0,0.5,1.0,255.0,0.0,215.5,0
2.0,1.0,2.0,1.0,0.5,255.0,0.0,215.5,0
2.0,2.0,2.0,0.5,1.0,255.0,0.0,215.5,0
96.0,10.0,10.0,0.96,1.0,251.5,5.612486080160912,212.5,1
4.0,3.0,2.0,0.6666666666666666,1.5,255.0,0.0,216.0,0
3.0,3.0,3.0,0.3333333333333333,1.0,255.0,0.0,216.0,0
2.0,2.0,1.0,1.0,2.0,255.0,0.0,216.0,0
99.0,11.0,11.0,0.8181818181818182,1.0,209.03030303030303,15.075871782725626,151.03030303030303,1
2.0,1.0,2.0,1.0,0.5,255.0,0.0,197.0,0
3.0,2.0,3.0,0.5,0.6666666666666666,255.0,0.0,197.0,0
3.0,2.0,2.0,0.75,1.0,255.0,0.0,197.0,0
97.0,10.0,10.0,0.97,1.0,208.96907216494844,14.929009750442688,150.96907216494844,1
2.0,1.0,2.0,1.0,0.5,255.0,0.0,197.0,0
2.0,2.0,2.0,0.5,1.0,255.0,0.0,197.0,0
2.0,2.0,1.0,1.0,2.0,255.0,0.0,197.0,0
102.0,13.0,11.0,0.7132867132867133,1.1818181818181819,211.2450980392157,15.25176703006599,154.2450980392157,1
2.0,1.0,2.0,1.0,0.5,255.0,0.0,198.0,0
2.0,2.0,2.0,0.5,1.0,255.0,0.0,198.0,0
2.0,2.0,2.0,0.5,1.0,255.0,0.0,198.0,0
96.0,11.0,11.0,0.7933884297520661,1.0,209.95833333333334,16.273647323886006,152.95833333333334,1
2.0,2.0,1.0,1.0,2.0,255.0,0.0,198.0,0
2.0,2.0,2.0,0.5,1.0,255.0,0.0,198.0,0
2.0,2.0,1.0,1.0,2.0,255.0,0.0,198.0,0
97.0,10.0,10.0,0.97,1.0,209.53608247422682,11.994897416586568,152.53608247422682,1
2.0,2.0,2.0,0.5,1.0,255.0,0.0,198.0,0
3.0,2.0,2.0,0.75,1.0,255.0,0.0,198.0,0
4.0,2.0,4.0,0.5,0.5,255.0,0.0,198.0,0
99.0,11.0,10.0,0.9,1.1,209.54545454545453,12.782779394005543,151.54545454545453,1
2.0,2.0,2.0,0.5,1.0,255.0,0.0,197.0,0
2.0,2.0,2.0,0.5,1.0,255.0,0.0,197.0,0
2.0,2.0,2.0,0.5,1.0,255.0,0.0,197.0,0
97.0,10.0,11.0,0.8818181818181818,0.9090909090909091,209.36082474226805,15.125035957704762,151.36082474226805,1
2.0,1.0,2.0,1.0,0.5,255.0,0.0,197.0,0
3.0,1.0,3.0,1.0,0.3333333333333333,255.0,0.0,197.0,0
2.0,2.0,2.0,0.5,1.0,255.0,0.0,197.0,0
101.0,11.0,11.0,0.8347107438016529,1.0,211.9009900990099,14.878055439914496,153.9009900990099,1
2.0,2.0,1.0,1.0,2.0,255.0,0.0,197.0,0
2.0,2.0,2.0,0.5,1.0,255.0,0.0,197.0,0
2.0,2.0,2.0,0.5,1.0,255.0,0.0,197.0,0
100.0,10.0,10.0,1.0,1.0,209.16,13.56666502866493,151.16,1
2.0,2.0,2.0,0.5,1.0,255.0,0.0,197.0,0
3.0,2.0,2.0,0.75,1.0,255.0,0.0,197.0,0
2.0,1.0,2.0,1.0,0.5,255.0,0.0,197.0,0
95.0,12.0,11.0,0.7196969696969697,1.0909090909090908,208.58947368421053,14.425485296473777,150.58947368421053,1
2.0,2.0,1.0,1.0,2.0,255.0,0.0,197.0,0
2.0,2.0,2.0,0.5,1.0,255.0,0.0,197.0,0
2.0,1.0,2.0,1.0,0.5,255.0,0.0,197.0,0
100.0,10.0,11.0,0.9090909090909091,0.9090909090909091,210.89,15.36157218516386,152.89,1
2.0,2.0,2.0,0.5,1.0,255.0,0.0,197.0,0
2.0,1.0,2.0,1.0,0.5,255.0,0.0,197.0,0
2.0,2.0,2.0,0.5,1.0,255.0,0.0,197.0,0
99.0,10.0,10.0,0.99,1.0,209.22222222222223,12.17926334668025,152.22222222222223,1
2.0,2.0,1.0,1.0,2.0,255.0,0.0,198.0,0
2.0,2.0,2.0,0.5,1.0,255.0,0.0,198.0,0
2.0,2.0,2.0,0.5,1.0,255.0,0.0,198.0,0
96.0,10.0,10.0,0.96,1.0,211.625,15.60932547122606,154.625,1
2.0,2.0,2.0,0.5,1.0,255.0,0.0,198.0,0
2.0,2.0,2.0,0.5,1.0,255.0,0.0,198.0,0
3.0,2.0,3.0,0.5,0.6666666666666666,255.0,0.0,198.0,0
101.0,12.0,11.0,0.7651515151515151,1.0909090909090908,208.7128712871287,15.270716578635632,150.7128712871287,1
2.0,2.0,1.0,1.0,2.0,255.0,0.0,197.0,0
2.0,2.0,2.0,0.5,1.0,255.0,0.0,197.0,0
2.0,2.0,1.0,1.0,2.0,255.0,0.0,197.0,0
96.0,11.0,10.0,0.8727272727272727,1.1,212.10416666666666,16.812990492638587,154.10416666666666,1
2.0,2.0,1.0,1.0,2.0,255.0,0.0,197.0,0
4.0,3.0,3.0,0.4444444444444444,1.0,255.0,0.0,197.0,0
3.0,2.0,2.0,0.75,1.0,255.0,0.0,197.0,0
101.0,10.0,13.0,0.7769230769230769,0.7692307692307693,212.3861386138614,16.195568576784844,154.3861386138614,1
2.0,1.0,2.0,1.0,0.5,255.0,0.0,197.0,0
2.0,1.0,2.0,1.0,0.5,255.0,0.0,197.0,0
2.0,2.0,2.0,0.5,1.0,255.0,0.0,197.0,0
102.0,12.0,10.0,0.85,1.2,210.08823529411765,15.05096110616018,152.08823529411765,1
2.0,1.0,2.0,1.0,0.5,255.0,0.0,197.0,0
2.0,2.0,1.0,1.0,2.0,255.0,0.0,197.0,0
2.0,2.0,1.0,1.0,2.0,255.0,0.0,197.0,0
99.0,11.0,10.0,0.9,1.1,208.03030303030303,13.463346834609169,151.03030303030303,1
2.0,2.0,1.0,1.0,2.0,255.0,0.0,198.0,0
2.0,2.0,2.0,0.5,1.0,255.0,0.0,198.0,0
2.0,2.0,1.0,1.0,2.0,255.0,0.0,198.0,0
99.0,10.0,11.0,0.9,0.9090909090909091,209.37373737373738,15.173465581376238,151.37373737373738,1
2.0,2.0,2.0,0.5,1.0,255.0,0.0,197.0,0
2.0,2.0,2.0,0.5,1.0,255.0,0.0,197.0,0
3.0,3.0,2.0,0.5,1.5,255.0,0.0,197.0,0
102.0,11.0,11.0,0.8429752066115702,1.0,212.04901960784315,17.310530316057477,155.04901960784315,1
2.0,1.0,2.0,1.0,0.5,255.0,0.0,198.0,0
3.0,2.0,3.0,0.5,0.6666666666666666,255.0,0.0,198.0,0
2.0,2.0,2.0,0.5,1.0,255.0,0.0,198.0,0
100.0,11.0,12.0,0.7575757575757576,0.9166666666666666,210.16,13.690668354759017,152.16,1
2.0,2.0,1.0,1.0,2.0,255.0,0.0,197.0,0
2.0,2.0,1.0,1.0,2.0,255.0,0.0,197.0,0
2.0,2.0,1.0,1.0,2.0,255.0,0.0,197.0,0
95.0,10.0,10.0,0.95,1.0,210.0421052631579,14.311508647881722,152.0421052631579,1
2.0,2.0,1.0,1.0,2.0,255.0,0.0,197.0,1
2.0,2.0,2.0,0.5,1.0,255.0,0.0,197.0,0
2.0,1.0,2.0,1.0,0.5,255.0,0.0,197.0,0
2.0,1.0,2.0,1.0,0.5,255.0,0.0,197.0,0
99.0,11.0,10.0,0.9,1.1,207.63636363636363,14.71785457675527,150.63636363636363,1
3.0,2.0,3.0,0.5,0.6666666666666666,255.0,0.0,198.0,0
2.0,2.0,2.0,0.5,1.0,255.0,0.0,198.0,0
2.0,1.0,2.0,1.0,0.5,255.0,0.0,198.0,0
100.0,10.0,11.0,0.9090909090909091,0.9090909090909091,210.57,16.145745569653947,152.57,1
2.0,2.0,2.0,0.5,1.0,255.0,0.0,197.0,0
2.0,2.0,2.0,0.5,1.0,255.0,0.0,197.0,0
2.0,2.0,2.0,0.5,1.0,255.0,0.0,197.0,0
101.0,11.0,11.0,0.8347107438016529,1.0,211.2970297029703,15.917823968438867,154.2970297029703,1
2.0,2.0,2.0,0.5,1.0,255.0,0.0,198.0,0
2.0,2.0,2.0,0.5,1.0,255.0,0.0,198.0,0
2.0,2.0,2.0,0.5,1.0,255.0,0.0,198.0,0
95.0,10.0,10.0,0.95,1.0,211.1157894736842,14.861368611548206,153.1157894736842,1
2.0,2.0,1.0,1.0,2.0,255.0,0.0,197.0,0
3.0,2.0,3.0,0.5,0.6666666666666666,255.0,0.0,197.0,0
2.0,2.0,2.0,0.5,1.0,255.0,0.0,197.0,0
98.0,10.0,11.0,0.8909090909090909,0.9090909090909091,209.3877551020408,14.735513573220162,152.3877551020408,1
3.0,2.0,3.0,0.5,0.6666666666666666,255.0,0.0,198.0,0
2.0,1.0,2.0,1.0,0.5,255.0,0.0,198.0,0
3.0,2.0,2.0,0.75,1.0,255.0,0.0,198.0,0
100.0,11.0,11.0,0.8264462809917356,1.0,207.73,15.04982059693736,150.73,1
2.0,1.0,2.0,1.0,0.5,255.0,0.0,198.0,0
2.0,2.0,1.0,1.0,2.0,255.0,0.0,198.0,0
2.0,2.0,1.0,1.0,2.0,255.0,0.0,198.0,0
99.0,10.0,11.0,0.9,0.9090909090909091,208.67676767676767,13.877405721246554,150.67676767676767,1
2.0,2.0,2.0,0.5,1.0,255.0,0.0,197.0,0
2.0,2.0,1.0,1.0,2.0,255.0,0.0,197.0,0
2.0,1.0,2.0,1.0,0.5,255.0,0.0,197.0,0
98.0,10.0,10.0,0.98,1.0,207.85714285714286,14.284285642849998,149.85714285714286,1
2.0,1.0,2.0,1.0,0.5,255.0,0.0,197.0,0
2.0,2.0,1.0,1.0,2.0,255.0,0.0,197.0,0
2.0,2.0,1.0,1.0,2.0,255.0,0.0,197.0,0
99.0,11.0,12.0,0.75,0.9166666666666666,212.21212121212122,13.763715089910018,154.21212121212122,1
2.0,1.0,2.0,1.0,0.5,255.0,0.0,197.0,0
2.0,2.0,2.0,0.5,1.0,255.0,0.0,197.0,0
2.0,2.0,2.0,0.5,1.0,255.0,0.0,197.0,0
101.0,11.0,10.0,0.9181818181818182,1.1,208.04950495049505,14.296974849734328,150.04950495049505,1
2.0,2.0,2.0,0.5,1.0,255.0,0.0,197.0,0
2.0,2.0,2.0,0.5,1.0,255.0,0.0,197.0,0
2.0,2.0,2.0,0.5,1.0,255.0,0.0,197.0,0
98.0,10.0,11.0,0.8909090909090909,0.9090909090909091,209.76530612244898,16.413534124536053,151.76530612244898,1
2.0,2.0,1.0,1.0,2.0,255.0,0.0,197.0,0
2.0,2.0,2.0,0.5,1.0,255.0,0.0,197.0,0
3.0,2.0,3.0,0.5,0.6666666666666666,255.0,0.0,197.0,0
99.0,10.0,10.0,0.99,1.0,208.07070707070707,14.168718229526895,150.07070707070707,1
2.0,1.0,2.0,1.0,0.5,255.0,0.0,197.0,0
2.0,2.0,1.0,1.0,2.0,255.0,0.0,197.0,0
2.0,1.0,2.0,1.0,0.5,255.0,0.0,197.0,0
99.0,11.0,11.0,0.8181818181818182,1.0,209.64646464646464,13.516404646650027,152.64646464646464,1
2.0,1.0,2.0,1.0,0.5,255.0,0.0,198.0,0
2.0,2.0,2.0,0.5,1.0,255.0,0.0,198.0,0
2.0,2.0,2.0,0.5,1.0,255.0,0.0,198.0,0
100.0,10.0,11.0,0.9090909090909091,0.9090909090909091,211.58,13.584682550578796,153.58,1
2.0,1.0,2.0,1.0,0.5,255.0,0.0,197.0,0
2.0,2.0,1.0,1.0,2.0,255.0,0.0,197.0,0
2.0,2.0,2.0,0.5,1.0,255.0,0.0,197.0,0
96.0,10.0,10.0,0.96,1.0,213.23958333333334,14.347433562361909,155.23958333333334,1
2.0,2.0,2.0,0.5,1.0,255.0,0.0,197.0,0
2.0,2.0,1.0,1.0,2.0,255.0,0.0,197.0,0
2.0,2.0,1.0,1.0,2.0,255.0,0.0,197.0,0
97.0,10.0,10.0,0.97,1.0,209.68041237113403,14.862633136408766,151.68041237113403,1
2.0,2.0,2.0,0.5,1.0,255.0,0.0,197.0,0
2.0,1.0,2.0,1.0,0.5,255.0,0.0,197.0,0
2.0,2.0,1.0,1.0,2.0,255.0,0.0,197.0,0
102.0,10.0,13.0,0.7846153846153846,0.7692307692307693,211.50980392156862,17.529663989061408,153.50980392156862,1
2.0,2.0,1.0,1.0,2.0,255.0,0.0,197.0,0
2.0,2.0,2.0,0.5,1.0,255.0,0.0,197.0,0
2.0,2.0,2.0,0.5,1.0,255.0,0.0,197.0,0
98.0,11.0,12.0,0.7424242424242424,0.9166666666666666,211.3673469387755,16.61532840058316,153.3673469387755,1
2.0,1.0,2.0,1.0,0.5,255.0,0.0,197.0,0
2.0,1.0,2.0,1.0,0.5,255.0,0.0,197.0,0
3.0,3.0,2.0,0.5,1.5,255.0,0.0,197.0,0
93.0,11.0,11.0,0.768595041322314,1.0,189.01075268817203,20.770375213997326,115.01075268817203,1
2.0,2.0,2.0,0.5,1.0,255.0,0.0,181.0,0
3.0,1.0,3.0,1.0,0.3333333333333333,255.0,0.0,181.0,0
2.0,2.0,2.0,0.5,1.0,255.0,0.0,181.0,0
91.0,10.0,10.0,0.91,1.0,185.76923076923077,15.735504002778903,111.76923076923077,1
2.0,2.0,1.0,1.0,2.0,255.0,0.0,181.0,0
2.0,2.0,1.0,1.0,2.0,255.0,0.0,181.0,0
2.0,2.0,2.0,0.5,1.0,255.0,0.0,181.0,0
91.0,10.0,12.0,0.7583333333333333,0.8333333333333334,183.02197802197801,14.470111691039753,108.02197802197801,1
3.0,3.0,2.0,0.5,1.5,255.0,0.0,180.0,0
2.0,2.0,2.0,0.5,1.0,255.0,0.0,180.0,0
3.0,3.0,3.0,0.3333333333333333,1.0,255.0,0.0,180.0,0
95.0,10.0,10.0,0.95,1.0,186.07368421052632,14.302183937216064,112.07368421052632,1
2.0,2.0,1.0,1.0,2.0,255.0,0.0,181.0,0
2.0,2.0,2.0,0.5,1.0,255.0,0.0,181.0,0
2.0,2.0,2.0,0.5,1.0,255.0,0.0,181.0,0
90.0,10.0,11.0,0.8181818181818182,0.9090909090909091,185.86666666666667,16.583927962538507,111.86666666666667,1
2.0,2.0,2.0,0.5,1.0,255.0,0.0,181.0,0
2.0,2.0,2.0,0.5,1.0,255.0,0.0,181.0,0
2.0,2.0,1.0,1.0,2.0,255.0,0.0,181.0,0
96.0,10.0,12.0,0.8,0.8333333333333334,185.65625,13.821652793262462,110.65625,1
2.0,2.0,2.0,0.5,1.0,255.0,0.0,180.0,0
2.0,1.0,2.0,1.0,0.5,255.0,0.0,180.0,0
2.0,1.0,2.0,1.0,0.5,255.0,0.0,180.0,0
83.0,10.0,10.0,0.83,1.0,185.93975903614458,17.108688272330166,111.93975903614458,1
2.0,2.0,1.0,1.0,2.0,255.0,0.0,181.0,0
2.0,2.0,1.0,1.0,2.0,255.0,0.0,181.0,0
2.0,2.0,2.0,0.5,1.0,255.0,0.0,181.0,0
89.0,10.0,10.0,0.89,1.0,186.67415730337078,17.033856096120616,112.67415730337078,1
2.0,2.0,2.0,0.5,1.0,255.0,0.0,181.0,0
2.0,1.0,2.0,1.0,0.5,255.0,0.0,181.0,0
2.0,1.0,2.0,1.0,0.5,255.0,0.0,181.0,0
88.0,10.0,10.0,0.88,1.0,185.1590909090909,16.93428902044899,111.1590909090909,1
2.0,1.0,2.0,1.0,0.5,255.0,0.0,181.0,0
2.0,1.0,2.0,1.0,0.5,255.0,0.0,181.0,0
2.0,2.0,1.0,1.0,2.0,255.0,0.0,181.0,0
92.0,12.0,10.0,0.7666666666666667,1.2,189.02173913043478,20.548975569974903,114.02173913043478,1
2.0,2.0,2.0,0.5,1.0,255.0,0.0,180.0,0
2.0,2.0,2.0,0.5,1.0,255.0,0.0,180.0,0
3.0,2.0,2.0,0.75,1.0,255.0,0.0,180.0,0
93.0,10.0,10.0,0.93,1.0,185.96774193548387,16.338786633792164,110.96774193548387,1
2.0,1.0,2.0,1.0,0.5,255.0,0.0,180.0,0
2.0,2.0,2.0,0.5,1.0,255.0,0.0,180.0,0
2.0,1.0,2.0,1.0,0.5,255.0,0.0,180.0,0
92.0,10.0,10.0,0.92,1.0,190.95652173913044,22.458131597669095,115.95652173913044,1
3.0,3.0,1.0,1.0,3.0,255.0,0.0,180.0,0
3.0,2.0,2.0,0.75,1.0,255.0,0.0,180.0,0
2.0,2.0,2.0,0.5,1.0,255.0,0.0,180.0,0
94.0,10.0,11.0,0.8545454545454545,0.9090909090909091,186.39361702127658,16.208887820080857,111.39361702127658,1
2.0,2.0,2.0,0.5,1.0,255.0,0.0,180.0,0
2.0,2.0,2.0,0.5,1.0,255.0,0.0,180.0,0
2.0,2.0,2.0,0.5,1.0,255.0,0.0,180.0,0
94.0,10.0,10.0,0.94,1.0,184.0,15.23783086143504,109.0,1
2.0,2.0,1.0,1.0,2.0,255.0,0.0,180.0,0
2.0,2.0,2.0,0.5,1.0,255.0,0.0,180.0,0
2.0,2.0,1.0,1.0,2.0,255.0,0.0,180.0,0
96.0,12.0,10.0,0.8,1.2,189.05208333333334,22.501560034652165,114.05208333333334,1
2.0,2.0,1.0,1.0,2.0,255.0,0.0,180.0,0
4.0,3.0,2.0,0.6666666666666666,1.5,255.0,0.0,180.0,0
2.0,2.0,2.0,0.5,1.0,255.0,0.0,180.0,0
97.0,12.0,11.0,0.7348484848484849,1.0909090909090908,189.27835051546393,20.545018343201832,114.27835051546393,1
2.0,2.0,1.0,1.0,2.0,255.0,0.0,180.0,0
2.0,2.0,1.0,1.0,2.0,255.0,0.0,180.0,0
2.0,2.0,2.0,0.5,1.0,255.0,0.0,180.0,0
90.0,11.0,11.0,0.743801652892562,1.0,187.42222222222222,18.277477201175937,112.42222222222222,1
2.0,2.0,2.0,0.5,1.0,255.0,0.0,180.0,0
2.0,2.0,2.0,0.5,1.0,255.0,0.0,180.0,0
2.0,1.0,2.0,1.0,0.5,255.0,0.0,180.0,0
95.0,11.0,10.0,0.8636363636363636,1.1,188.37894736842105,18.17701205679909,113.37894736842105,1
2.0,2.0,2.0,0.5,1.0,255.0,0.0,180.0,0
2.0,2.0,2.0,0.5,1.0,255.0,0.0,180.0,0
3.0,3.0,2.0,0.5,1.5,255.0,0.0,180.0,0
94.0,10.0,11.0,0.8545454545454545,0.9090909090909091,187.09574468085106,18.980431775987007,113.09574468085106,1
2.0,2.0,2.0,0.5,1.0,255.0,0.0,181.0,1
2.0,1.0,2.0,1.0,0.5,255.0,0.0,181.0,0
2.0,2.0,2.0,0.5,1.0,255.0,0.0,181.0,0
2.0,1.0,2.0,1.0,0.5,255.0,0.0,181.0,0
98.0,11.0,11.0,0.8099173553719008,1.0,185.29591836734693,16.818484233476674,111.29591836734693,1
2.0,2.0,2.0,0.5,1.0,255.0,0.0,181.0,0
3.0,2.0,3.0,0.5,0.6666666666666666,255.0,0.0,181.0,0
2.0,2.0,2.0,0.5,1.0,255.0,0.0,181.0,0
92.0,10.0,11.0,0.8363636363636363,0.9090909090909091,185.18478260869566,16.68501628500859,111.18478260869566,1
2.0,2.0,1.0,1.0,2.0,255.0,0.0,181.0,0
2.0,1.0,2.0,1.0,0.5,255.0,0.0,181.0,0
2.0,1.0,2.0,1.0,0.5,255.0,0.0,181.0,0
97.0,11.0,11.0,0.8016528925619835,1.0,188.7422680412371,21.46167927563488,114.74226804123711,1
2.0,2.0,2.0,0.5,1.0,255.0,0.0,181.0,0
2.0,1.0,2.0,1.0,0.5,255.0,0.0,181.0,0
2.0,2.0,2.0,0.5,1.0,255.0,0.0,181.0,0
86.0,10.0,10.0,0.86,1.0,184.93023255813952,15.710158687690853,109.93023255813952,1
2.0,2.0,2.0,0.5,1.0,255.0,0.0,180.0,0
2.0,2.0,2.0,0.5,1.0,255.0,0.0,180.0,0
2.0,1.0,2.0,1.0,0.5,255.0,0.0,180.0,0
89.0,11.0,10.0,0.8090909090909091,1.1,184.65168539325842,13.26489082578985,110.65168539325842,1
2.0,2.0,2.0,0.5,1.0,255.0,0.0,181.0,0
2.0,2.0,2.0,0.5,1.0,255.0,0.0,181.0,0
2.0,2.0,2.0,0.5,1.0,255.0,0.0,181.0,0
96.0,11.0,11.0,0.7933884297520661,1.0,184.0625,12.125912766330899,109.0625,1
2.0,1.0,2.0,1.0,0.5,255.0,0.0,180.0,0
2.0,2.0,2.0,0.5,1.0,255.0,0.0,180.0,0
2.0,2.0,2.0,0.5,1.0,255.0,0.0,180.0,0
87.0,11.0,11.0,0.71900826446281,1.0,182.26436781609195,15.12359788893141,107.26436781609195,1
2.0,1.0,2.0,1.0,0.5,255.0,0.0,180.0,0
2.0,2.0,1.0,1.0,2.0,255.0,0.0,180.0,0
2.0,2.0,1.0,1.0,2.0,255.0,0.0,180.0,0
93.0,10.0,10.0,0.93,1.0,185.16129032258064,16.233703373438487,110.16129032258064,1
3.0,3.0,2.0,0.5,1.5,255.0,0.0,180.0,0
2.0,2.0,2.0,0.5,1.0,255.0,0.0,180.0,0
3.0,2.0,3.0,0.5,0.6666666666666666,255.0,0.0,180.0,0
95.0,10.0,10.0,0.95,1.0,183.45263157894738,10.068991922628111,108.45263157894738,1
3.0,2.0,3.0,0.5,0.6666666666666666,255.0,0.0,180.0,0
2.0,1.0,2.0,1.0,0.5,255.0,0.0,180.0,0
2.0,2.0,2.0,0.5,1.0,255.0,0.0,180.0,0
91.0,10.0,10.0,0.91,1.0,185.96703296703296,14.577907829699738,110.96703296703296,1
2.0,1.0,2.0,1.0,0.5,255.0,0.0,180.0,0
2.0,1.0,2.0,1.0,0.5,255.0,0.0,180.0,0
2.0,2.0,2.0,0.5,1.0,255.0,0.0,180.0,0
87.0,11.0,11.0,0.71900826446281,1.0,189.42528735632183,19.883934590580502,114.42528735632183,1
2.0,1.0,2.0,1.0,0.5,255.0,0.0,180.0,0
2.0,2.0,2.0,0.5,1.0,255.0,0.0,180.0,0
2.0,2.0,2.0,0.5,1.0,255.0,0.0,180.0,0
90.0,10.0,11.0,0.8181818181818182,0.9090909090909091,187.48888888888888,18.774832116097716,113.48888888888888,1
2.0,2.0,2.0,0.5,1.0,255.0,0.0,181.0,0
2.0,2.0,1.0,1.0,2.0,255.0,0.0,181.0,0
2.0,2.0,1.0,1.0,2.0,255.0,0.0,181.0,0
92.0,12.0,10.0,0.7666666666666667,1.2,186.0326086956522,15.676381491688948,112.03260869565219,1
3.0,3.0,1.0,1.0,3.0,255.0,0.0,181.0,0
2.0,2.0,2.0,0.5,1.0,255.0,0.0,181.0,0
2.0,2.0,2.0,0.5,1.0,255.0,0.0,181.0,0
95.0,10.0,10.0,0.95,1.0,185.18947368421053,14.179521732593695,110.18947368421053,1
3.0,3.0,2.0,0.5,1.5,255.0,0.0,180.0,0
2.0,2.0,2.0,0.5,1.0,255.0,0.0,180.0,0
2.0,2.0,1.0,1.0,2.0,255.0,0.0,180.0,0
94.0,11.0,10.0,0.8545454545454545,1.1,188.46808510638297,16.641208865445897,114.46808510638297,1
2.0,2.0,2.0,0.5,1.0,255.0,0.0,181.0,0
2.0,1.0,2.0,1.0,0.5,255.0,0.0,181.0,0
2.0,2.0,1.0,1.0,2.0,255.0,0.0,181.0,0
92.0,11.0,12.0,0.696969696969697,0.9166666666666666,186.91304347826087,18.644647310848647,111.91304347826087,1
2.0,2.0,2.0,0.5,1.0,255.0,0.0,180.0,0
2.0,2.0,2.0,0.5,1.0,255.0,0.0,180.0,0
2.0,2.0,2.0,0.5,1.0,255.0,0.0,180.0,0
96.0,11.0,10.0,0.8727272727272727,1.1,186.71875,17.344369358310495,111.71875,1
2.0,2.0,1.0,1.0,2.0,255.0,0.0,180.0,0
2.0,1.0,2.0,1.0,0.5,255.0,0.0,180.0,0
2.0,2.0,2.0,0.5,1.0,255.0,0.0,180.0,0
94.0,10.0,10.0,0.94,1.0,182.77659574468086,14.311990401831238,108.77659574468086,1
2.0,1.0,2.0,1.0,0.5,255.0,0.0,181.0,0
2.0,1.0,2.0,1.0,0.5,255.0,0.0,181.0,0
2.0,1.0,2.0,1.0,0.5,255.0,0.0,181.0,0
92.0,10.0,11.0,0.8363636363636363,0.9090909090909091,184.44565217391303,15.981214604242165,109.44565217391303,1
2.0,2.0,2.0,0.5,1.0,255.0,0.0,180.0,1
2.0,2.0,1.0,1.0,2.0,255.0,0.0,180.0,0
2.0,2.0,2.0,0.5,1.0,255.0,0.0,180.0,0
2.0,1.0,2.0,1.0,0.5,255.0,0.0,180.0,0
97.0,11.0,10.0,0.8818181818181818,1.1,187.10309278350516,17.320796472295672,113.10309278350516,1
3.0,3.0,2.0,0.5,1.5,255.0,0.0,181.0,0
2.0,2.0,2.0,0.5,1.0,255.0,0.0,181.0,0
2.0,1.0,2.0,1.0,0.5,255.0,0.0,181.0,0
91.0,10.0,11.0,0.8272727272727273,0.9090909090909091,184.95604395604394,16.485699489145723,109.95604395604394,1
2.0,2.0,2.0,0.5,1.0,255.0,0.0,180.0,0
2.0,2.0,1.0,1.0,2.0,255.0,0.0,180.0,0
2.0,2.0,1.0,1.0,2.0,255.0,0.0,180.0,0
102.0,12.0,12.0,0.7083333333333334,1.0,181.48039215686273,19.232188292362355,162.48039215686273,1
2.0,2.0,2.0,0.5,1.0,255.0,0.0,236.0,0
2.0,2.0,2.0,0.5,1.0,255.0,0.0,236.0,0
3.0,2.0,3.0,0.5,0.6666666666666666,255.0,0.0,236.0,0
99.0,10.0,10.0,0.99,1.0,183.4949494949495,18.122687236561163,163.4949494949495,1
2.0,2.0,2.0,0.5,1.0,255.0,0.0,235.0,0
2.0,2.0,1.0,1.0,2.0,255.0,0.0,235.0,0
2.0,1.0,2.0,1.0,0.5,255.0,0.0,235.0,0
101.0,12.0,12.0,0.7013888888888888,1.0,186.15841584158414,19.620020424322657,167.15841584158414,1
2.0,2.0,2.0,0.5,1.0,255.0,0.0,236.0,0
2.0,2.0,2.0,0.5,1.0,255.0,0.0,236.0,0
3.0,2.0,3.0,0.5,0.6666666666666666,255.0,0.0,236.0,0
99.0,11.0,10.0,0.9,1.1,183.3030303030303,17.11308468935219,163.3030303030303,1
2.0,2.0,2.0,0.5,1.0,255.0,0.0,235.0,0
2.0,1.0,2.0,1.0,0.5,255.0,0.0,235.0,0
2.0,2.0,1.0,1.0,2.0,255.0,0.0,235.0,0
100.0,11.0,11.0,0.8264462809917356,1.0,183.98,17.832543284680398,163.98,1
2.0,2.0,2.0,0.5,1.0,255.0,0.0,235.0,0
2.0,2.0,1.0,1.0,2.0,255.0,0.0,235.0,0
2.0,2.0,2.0,0.5,1.0,255.0,0.0,235.0,0
98.0,10.0,11.0,0.8909090909090909,0.9090909090909091,183.60204081632654,16.804238894239173,163.60204081632654,1
2.0,2.0,2.0,0.5,1.0,255.0,0.0,235.0,0
2.0,2.0,1.0,1.0,2.0,255.0,0.0,235.0,0
2.0,2.0,2.0,0.5,1.0,255.0,0.0,235.0,0
96.0,10.0,10.0,0.96,1.0,183.70833333333334,20.366392183093094,164.70833333333334,1
2.0,1.0,2.0,1.0,0.5,255.0,0.0,236.0,0
2.0,1.0,2.0,1.0,0.5,255.0,0.0,236.0,0
2.0,2.0,2.0,0.5,1.0,255.0,0.0,236.0,0
95.0,10.0,10.0,0.95,1.0,180.92631578947368,15.871352613908302,160.92631578947368,1
2.0,2.0,1.0,1.0,2.0,255.0,0.0,235.0,0
2.0,2.0,2.0,0.5,1.0,255.0,0.0,235.0,0
2.0,2.0,2.0,0.5,1.0,255.0,0.0,235.0,0
97.0,10.0,10.0,0.97,1.0,184.37113402061857,17.996746319694584,165.37113402061857,1
2.0,1.0,2.0,1.0,0.5,255.0,0.0,236.0,0
2.0,1.0,2.0,1.0,0.5,255.0,0.0,236.0,0
2.0,1.0,2.0,1.0,0.5,255.0,0.0,236.0,0
97.0,10.0,10.0,0.97,1.0,184.1237113402062,17.4582020613706,165.1237113402062,1
2.0,1.0,2.0,1.0,0.5,255.0,0.0,236.0,0
2.0,2.0,2.0,0.5,1.0,255.0,0.0,236.0,0
2.0,2.0,1.0,1.0,2.0,255.0,0.0,236.0,0
99.0,11.0,10.0,0.9,1.1,185.07070707070707,21.369407248838648,165.07070707070707,1
2.0,2.0,1.0,1.0,2.0,255.0,0.0,235.0,0
2.0,2.0,2.0,0.5,1.0,255.0,0.0,235.0,0
2.0,1.0,2.0,1.0,0.5,255.0,0.0,235.0,0
99.0,11.0,10.0,0.9,1.1,181.85858585858585,13.230673040753262,162.85858585858585,1
2.0,2.0,1.0,1.0,2.0,255.0,0.0,236.0,0
2.0,2.0,2.0,0.5,1.0,255.0,0.0,236.0,0
2.0,2.0,1.0,1.0,2.0,255.0,0.0,236.0,0
98.0,11.0,11.0,0.8099173553719008,1.0,183.6734693877551,18.115150672343745,163.6734693877551,1
2.0,2.0,2.0,0.5,1.0,255.0,0.0,235.0,0
2.0,2.0,2.0,0.5,1.0,255.0,0.0,235.0,0
2.0,1.0,2.0,1.0,0.5,255.0,0.0,235.0,0
97.0,11.0,10.0,0.8818181818181818,1.1,182.50515463917526,16.64246444833911,162.50515463917526,1
2.0,2.0,2.0,0.5,1.0,255.0,0.0,235.0,0
3.0,3.0,2.0,0.5,1.5,255.0,0.0,235.0,0
2.0,1.0,2.0,1.0,0.5,255.0,0.0,235.0,0
99.0,10.0,11.0,0.9,0.9090909090909091,181.8989898989899,18.004205428763306,161.8989898989899,1
2.0,2.0,2.0,0.5,1.0,255.0,0.0,235.0,0
2.0,2.0,2.0,0.5,1.0,255.0,0.0,235.0,0
2.0,1.0,2.0,1.0,0.5,255.0,0.0,235.0,0
98.0,11.0,10.0,0.8909090909090909,1.1,182.05102040816325,17.974683130799406,163.05102040816325,1
2.0,2.0,2.0,0.5,1.0,255.0,0.0,236.0,0
2.0,2.0,1.0,1.0,2.0,255.0,0.0,236.0,0
2.0,1.0,2.0,1.0,0.5,255.0,0.0,236.0,0
96.0,11.0,10.0,0.8727272727272727,1.1,183.70833333333334,13.86310801692351,163.70833333333334,1
2.0,2.0,1.0,1.0,2.0,255.0,0.0,235.0,0
2.0,2.0,2.0,0.5,1.0,255.0,0.0,235.0,0
2.0,1.0,2.0,1.0,0.5,255.0,0.0,235.0,0
101.0,11.0,12.0,0.7651515151515151,0.9166666666666666,186.75247524752476,23.31166619960621,166.75247524752476,1
2.0,2.0,1.0,1.0,2.0,255.0,0.0,235.0,0
4.0,3.0,3.0,0.4444444444444444,1.0,255.0,0.0,235.0,0
2.0,1.0,2.0,1.0,0.5,255.0,0.0,235.0,0
99.0,10.0,12.0,0.825,0.8333333333333334,186.85858585858585,22.400852302061857,166.85858585858585,1
2.0,1.0,2.0,1.0,0.5,255.0,0.0,235.0,0
3.0,2.0,2.0,0.75,1.0,255.0,0.0,235.0,0
2.0,2.0,2.0,0.5,1.0,255.0,0.0,235.0,0
97.0,10.0,10.0,0.97,1.0,182.04123711340208,12.640890551439325,163.04123711340208,1
3.0,2.0,3.0,0.5,0.6666666666666666,255.0,0.0,236.0,0
2.0,2.0,2.0,0.5,1.0,255.0,0.0,236.0,0
2.0,1.0,2.0,1.0,0.5,255.0,0.0,236.0,0
100.0,11.0,11.0,0.8264462809917356,1.0,185.38,18.225685172305592,166.38,1
2.0,1.0,2.0,1.0,0.5,255.0,0.0,236.0,0
2.0,2.0,1.0,1.0,2.0,255.0,0.0,236.0,0
2.0,1.0,2.0,1.0,0.5,255.0,0.0,236.0,0
100.0,11.0,11.0,0.8264462809917356,1.0,183.22,19.36728168845592,163.22,1
2.0,2.0,1.0,1.0,2.0,255.0,0.0,235.0,1
2.0,1.0,2.0,1.0,0.5,255.0,0.0,235.0,0
3.0,2.0,2.0,0.75,1.0,255.0,0.0,235.0,0
2.0,2.0,2.0,0.5,1.0,255.0,0.0,235.0,0
99.0,11.0,11.0,0.8181818181818182,1.0,185.07070707070707,20.36249896615137,166.07070707070707,1
3.0,2.0,3.0,0.5,0.6666666666666666,255.0,0.0,236.0,0
2.0,2.0,2.0,0.5,1.0,255.0,0.0,236.0,0
2.0,2.0,2.0,0.5,1.0,255.0,0.0,236.0,0
100.0,11.0,11.0,0.8264462809917356,1.0,185.06,22.090187867014624,165.06,1
2.0,1.0,2.0,1.0,0.5,255.0,0.0,235.0,0
2.0,2.0,2.0,0.5,1.0,255.0,0.0,235.0,0
2.0,2.0,1.0,1.0,2.0,255.0,0.0,235.0,0
97.0,10.0,11.0,0.8818181818181818,0.9090909090909091,182.44329896907217,17.26862900984585,163.44329896907217,1
2.0,1.0,2.0,1.0,0.5,255.0,0.0,236.0,0
2.0,2.0,2.0,0.5,1.0,255.0,0.0,236.0,0
2.0,2.0,2.0,0.5,1.0,255.0,0.0,236.0,0
100.0,10.0,10.0,1.0,1.0,181.62,16.192455033131942,162.62,1
2.0,2.0,1.0,1.0,2.0,255.0,0.0,236.0,0
2.0,2.0,2.0,0.5,1.0,255.0,0.0,236.0,0
2.0,2.0,2.0,0.5,1.0,255.0,0.0,236.0,0
100.0,10.0,11.0,0.9090909090909091,0.9090909090909091,184.06,17.073851352287214,164.06,1
3.0,2.0,2.0,0.75,1.0,255.0,0.0,235.0,0
2.0,2.0,2.0,0.5,1.0,255.0,0.0,235.0,0
2.0,2.0,1.0,1.0,2.0,255.0,0.0,235.0,0
100.0,10.0,10.0,1.0,1.0,182.52,14.275489483726993,162.52,1
2.0,2.0,1.0,1.0,2.0,255.0,0.0,235.0,0
4.0,1.0,4.0,1.0,0.25,255.0,0.0,235.0,0
2.0,2.0,2.0,0.5,1.0,255.0,0.0,235.0,0
99.0,11.0,11.0,0.8181818181818182,1.0,182.66666666666666,16.467905731814206,163.66666666666666,1
2.0,2.0,1.0,1.0,2.0,255.0,0.0,236.0,0
2.0,2.0,2.0,0.5,1.0,255.0,0.0,236.0,0
2.0,1.0,2.0,1.0,0.5,255.0,0.0,236.0,0
100.0,12.0,10.0,0.8333333333333334,1.2,181.56,16.731598847689362,161.56,1
2.0,2.0,2.0,0.5,1.0,255.0,0.0,235.0,0
2.0,2.0,2.0,0.5,1.0,255.0,0.0,235.0,0
2.0,2.0,1.0,1.0,2.0,255.0,0.0,235.0,0
97.0,10.0,10.0,0.97,1.0,182.50515463917526,18.378115465652897,162.50515463917526,1
2.0,2.0,1.0,1.0,2.0,255.0,0.0,235.0,0
2.0,2.0,1.0,1.0,2.0,255.0,0.0,235.0,0
2.0,2.0,2.0,0.5,1.0,255.0,0.0,235.0,0
99.0,11.0,10.0,0.9,1.1,184.93939393939394,18.083877624439975,164.93939393939394,1
2.0,2.0,1.0,1.0,2.0,255.0,0.0,235.0,0
2.0,2.0,2.0,0.5,1.0,255.0,0.0,235.0,0
2.0,2.0,1.0,1.0,2.0,255.0,0.0,235.0,0
98.0,10.0,11.0,0.8909090909090909,0.9090909090909091,181.98979591836735,16.78403936808333,162.98979591836735,1
2.0,2.0,2.0,0.5,1.0,255.0,0.0,236.0,0
2.0,2.0,1.0,1.0,2.0,255.0,0.0,236.0,0
2.0,2.0,2.0,0.5,1.0,255.0,0.0,236.0,0
96.0,10.0,10.0,0.96,1.0,183.0625,15.142938742199282,164.0625,1
2.0,1.0,2.0,1.0,0.5,255.0,0.0,236.0,0
2.0,1.0,2.0,1.0,0.5,255.0,0.0,236.0,0
2.0,1.0,2.0,1.0,0.5,255.0,0.0,236.0,0
97.0,10.0,11.0,0.8818181818181818,0.9090909090909091,183.8041237113402,17.116122004693146,163.8041237113402,1
2.0,1.0,2.0,1.0,0.5,255.0,0.0,235.0,0
2.0,2.0,2.0,0.5,1.0,255.0,0.0,235.0,0
2.0,1.0,2.0,1.0,0.5,255.0,0.0,235.0,0
101.0,11.0,11.0,0.8347107438016529,1.0,184.3960396039604,17.86366366020051,164.3960396039604,1
2.0,2.0,2.0,0.5,1.0,255.0,0.0,235.0,0
2.0,1.0,2.0,1.0,0.5,255.0,0.0,235.0,0
2.0,2.0,2.0,0.5,1.0,255.0,0.0,235.0,0
98.0,10.0,11.0,0.8909090909090909,0.9090909090909091,181.75510204081633,15.7448152946631,161.75510204081633,1
2.0,1.0,2.0,1.0,0.5,255.0,0.0,235.0,0
2.0,1.0,2.0,1.0,0.5,255.0,0.0,235.0,0
2.0,2.0,1.0,1.0,2.0,255.0,0.0,235.0,0
99.0,10.0,10.0,0.99,1.0,183.64646464646464,18.383849483846134,164.64646464646464,1
2.0,2.0,1.0,1.0,2.0,255.0,0.0,236.0,0
2.0,2.0,2.0,0.5,1.0,255.0,0.0,236.0,0
2.0,2.0,1.0,1.0,2.0,255.0,0.0,236.0,0
98.0,10.0,10.0,0.98,1.0,181.22448979591837,17.44292770094826,161.22448979591837,1
2.0,2.0,1.0,1.0,2.0,255.0,0.0,235.0,0
2.0,2.0,2.0,0.5,1.0,255.0,0.0,235.0,0
2.0,1.0,2.0,1.0,0.5,255.0,0.0,235.0,0
98.0,11.0,10.0,0.8909090909090909,1.1,182.0204081632653,15.946325526358303,163.0204081632653,1
2.0,2.0,1.0,1.0,2.0,255.0,0.0,236.0,0
2.0,2.0,2.0,0.5,1.0,255.0,0.0,236.0,0
2.0,2.0,2.0,0.5,1.0,255.0,0.0,236.0,0
2.0,2.0,2.0,0.5,1.0,255.0,0.0,255.0,0
2.0,2.0,2.0,0.5,1.0,255.0,0.0,255.0,0
2.0,2.0,2.0,0.5,1.0,255.0,0.0,255.0,0
2.0,2.0,2.0,0.5,1.0,255.0,0.0,255.0,1
2.0,2.0,2.0,0.5,1.0,255.0,0.0,255.0,0
2.0,2.0,2.0,0.5,1.0,255.0,0.0,255.0,0
2.0,2.0,1.0,1.0,2.0,255.0,0.0,255.0,0
2.0,1.0,2.0,1.0,0.5,255.0,0.0,255.0,1
4.0,3.0,3.0,0.4444444444444444,1.0,255.0,0.0,255.0,0
3.0,2.0,3.0,0.5,0.6666666666666666,255.0,0.0,255.0,0
2.0,1.0,2.0,1.0,0.5,255.0,0.0,255.0,0
2.0,2.0,2.0,0.5,1.0,255.0,0.0,255.0,0
2.0,2.0,1.0,1.0,2.0,255.0,0.0,255.0,0
2.0,1.0,2.0,1.0,0.5,255.0,0.0,255.0,0
2.0,2.0,2.0,0.5,1.0,255.0,0.0,255.0,0
2.0,1.0,2.0,1.0,0.5,255.0,0.0,255.0,0
3.0,3.0,2.0,0.5,1.5,255.0,0.0,255.0,0
5.0,2.0,5.0,0.5,0.4,255.0,0.0,255.0,0
2.0,2.0,2.0,0.5,1.0,255.0,0.0,255.0,0
2.0,2.0,2.0,0.5,1.0,255.0,0.0,255.0,0
2.0,2.0,2.0,0.5,1.0,255.0,0.0,255.0,0
2.0,1.0,2.0,1.0,0.5,255.0,0.0,255.0,0
2.0,2.0,2.0,0.5,1.0,255.0,0.0,255.0,0
2.0,1.0,2.0,1.0,0.5,255.0,0.0,255.0,0
2.0,2.0,1.0,1.0,2.0,255.0,0.0,255.0,0
2.0,2.0,2.0,0.5,1.0,255.0,0.0,255.0,0
2.0,1.0,2.0,1.0,0.5,255.0,0.0,255.0,1
2.0,2.0,2.0,0.5,1.0,255.0,0.0,255.0,0
2.0,2.0,1.0,1.0,2.0,255.0,0.0,255.0,0
2.0,2.0,2.0,0.5,1.0,255.0,0.0,255.0,0
2.0,1.0,2.0,1.0,0.5,255.0,0.0,255.0,1
2.0,2.0,1.0,1.0,2.0,255.0,0.0,255.0,1
5.0,3.0,2.0,0.8333333333333334,1.5,255.0,0.0,255.0,0
2.0,2.0,1.0,1.0,2.0,255.0,0.0,255.0,0
2.0,2.0,2.0,0.5,1.0,255.0,0.0,255.0,0
2.0,2.0,2.0,0.5,1.0,255.0,0.0,255.0,1
2.0,2.0,2.0,0.5,1.0,255.0,0.0,255.0,0
2.0,2.0,2.0,0.5,1.0,255.0,0.0,255.0,0
2.0,1.0,2.0,1.0,0.5,255.0,0.0,255.0,0
2.0,2.0,2.0,0.5,1.0,255.0,0.0,255.0,0
2.0,2.0,1.0,1.0,2.0,255.0,0.0,255.0,0
2.0,2.0,1.0,1.0,2.0,255.0,0.0,255.0,0
2.0,2.0,1.0,1.0,2.0,255.0,0.0,255.0,1
2.0,2.0,1.0,1.0,2.0,255.0,0.0,255.0,1
2.0,2.0,1.0,1.0,2.0,255.0,0.0,255.0,0
2.0,2.0,2.0,0.5,1.0,255.0,0.0,255.0,0
3.0,2.0,2.0,0.75,1.0,255.0,0.0,255.0,0
2.0,2.0,1.0,1.0,2.0,255.0,0.0,255.0,1
2.0,2.0,2.0,0.5,1.0,255.0,0.0,255.0,1
2.0,2.0,2.0,0.5,1.0,255.0,0.0,255.0,0
2.0,2.0,2.0,0.5,1.0,255.0,0.0,255.0,0
2.0,2.0,2.0,0.5,1.0,255.0,0.0,255.0,0
2.0,2.0,2.0,0.5,1.0,255.0,0.0,255.0,0
2.0,2.0,2.0,0.5,1.0,255.0,0.0,255.0,0
2.0,1.0,2.0,1.0,0.5,255.0,0.0,255.0,0
2.0,2.0,2.0,0.5,1.0,255.0,0.0,255.0,1
2.0,2.0,1.0,1.0,2.0,255.0,0.0,255.0,0
2.0,2.0,2.0,0.5,1.0,255.0,0.0,255.0,0
2.0,2.0,2.0,0.5,1.0,255.0,0.0,255.0,0
2.0,1.0,2.0,1.0,0.5,255.0,0.0,255.0,0
2.0,2.0,1.0,1.0,2.0,255.0,0.0,255.0,0
3.0,3.0,2.0,0.5,1.5,255.0,0.0,255.0,0
2.0,1.0,2.0,1.0,0.5,255.0,0.0,255.0,0
3.0,3.0,3.0,0.3333333333333333,1.0,255.0,0.0,255.0,0
2.0,1.0,2.0,1.0,0.5,255.0,0.0,255.0,0
2.0,1.0,2.0,1.0,0.5,255.0,0.0,255.0,1
2.0,2.0,2.0,0.5,1.0,255.0,0.0,255.0,0
2.0,2.0,2.0,0.5,1.0,255.0,0.0,255.0,0
2.0,2.0,2.0,0.5,1.0,255.0,0.0,255.0,0
2.0,2.0,2.0,0.5,1.0,255.0,0.0,255.0,0
2.0,2.0,2.0,0.5,1.0,255.0,0.0,255.0,0
2.0,1.0,2.0,1.0,0.5,255.0,0.0,255.0,0
2.0,1.0,2.0,1.0,0.5,255.0,0.0,255.0,0
2.0,2.0,2.0,0.5,1.0,255.0,0.0,255.0,0
2.0,2.0,2.0,0.5,1.0,255.0,0.0,255.0,0
2.0,2.0,2.0,0.5,1.0,255.0,0.0,255.0,1
2.0,1.0,2.0,1.0,0.5,255.0,0.0,255.0,0
2.0,2.0,1.0,1.0,2.0,255.0,0.0,255.0,0
2.0,2.0,2.0,0.5,1.0,255.0,0.0,255.0,0
3.0,3.0,1.0,1.0,3.0,255.0,0.0,255.0,0
2.0,2.0,1.0,1.0,2.0,255.0,0.0,255.0,0
2.0,1.0,2.0,1.0,0.5,255.0,0.0,255.0,0
2.0,2.0,2.0,0.5,1.0,255.0,0.0,255.0,0
2.0,2.0,2.0,0.5,1.0,255.0,0.0,255.0,0
2.0,2.0,1.0,1.0,2.0,255.0,0.0,255.0,0
3.0,3.0,2.0,0.5,1.5,255.0,0.0,255.0,0
2.0,2.0,2.0,0.5,1.0,255.0,0.0,255.0,0
2.0,2.0,2.0,0.5,1.0,255.0,0.0,255.0,0
2.0,2.0,2.0,0.5,1.0,255.0,0.0,255.0,0
2.0,2.0,2.0,0.5,1.0,255.0,0.0,255.0,0
2.0,2.0,2.0,0.5,1.0,255.0,0.0,255.0,0
2.0,1.0,2.0,1.0,0.5,255.0,0.0,255.0,0
2.0,2.0,2.0,0.5,1.0,255.0,0.0,255.0,0
3.0,3.0,2.0,0.5,1.5,255.0,0.0,255.0,0
2.0,2.0,2.0,0.5,1.0,255.0,0.0,255.0,1
2.0,2.0,2.0,0.5,1.0,255.0,0.0,255.0,0
2.0,2.0,1.0,1.0,2.0,255.0,0.0,255.0,0
2.0,2.0,1.0,1.0,2.0,255.0,0.0,255.0,0
2.0,2.0,2.0,0.5,1.0,255.0,0.0,255.0,0
2.0,2.0,2.0,0.5,1.0,255.0,0.0,255.0,0
2.0,2.0,2.0,0.5,1.0,255.0,0.0,255.0,0
2.0,2.0,2.0,0.5,1.0,255.0,0.0,255.0,0
2.0,2.0,2.0,0.5,1.0,255.0,0.0,255.0,0
2.0,2.0,2.0,0.5,1.0,255.0,0.0,255.0,0
2.0,2.0,2.0,0.5,1.0,255.0,0.0,255.0,1
2.0,1.0,2.0,1.0,0.5,255.0,0.0,255.0,0
2.0,1.0,2.0,1.0,0.5,255.0,0.0,255.0,0
2.0,1.0,2.0,1.0,0.5,255.0,0.0,255.0,0
2.0,2.0,1.0,1.0,2.0,255.0,0.0,255.0,1
3.0,1.0,3.0,1.0,0.3333333333333333,255.0,0.0,255.0,0
2.0,2.0,2.0,0.5,1.0,255.0,0.0,255.0,0
2.0,2.0,2.0,0.5,1.0,255.0,0.0,255.0,0
2.0,2.0,1.0,1.0,2.0,255.0,0.0,255.0,1
2.0,1.0,2.0,1.0,0.5,255.0,0.0,255.0,0
2.0,2.0,2.0,0.5,1.0,255.0,0.0,255.0,0
2.0,2.0,2.0,0.5,1.0,255.0,0.0,255.0,0
2.0,2.0,1.0,1.0,2.0,255.0,0.0,255.0,0
2.0,1.0,2.0,1.0,0.5,255.0,0.0,255.0,0
3.0,3.0,2.0,0.5,1.5,255.0,0.0,255.0,0
2.0,1.0,2.0,1.0,0.5,255.0,0.0,255.0,1
2.0,2.0,2.0,0.5,1.0,255.0,0.0,255.0,0
2.0,1.0,2.0,1.0,0.5,255.0,0.0,255.0,0
2.0,2.0,2.0,0.5,1.0,255.0,0.0,255.0,0
2.0,2.0,2.0,0.5,1.0,255.0,0.0,255.0,0
2.0,2.0,1.0,1.0,2.0,255.0,0.0,255.0,0
2.0,2.0,1.0,1.0,2.0,255.0,0.0,255.0,0
2.0,2.0,1.0,1.0,2.0,255.0,0.0,255.0,1
2.0,2.0,2.0,0.5,1.0,255.0,0.0,255.0,0
2.0,2.0,2.0,0.5,1.0,255.0,0.0,255.0,0
3.0,3.0,2.0,0.5,1.5,255.0,0.0,255.0,0
2.0,2.0,1.0,1.0,2.0,255.0,0.0,255.0,0
2.0,2.0,1.0,1.0,2.0,255.0,0.0,255.0,0
2.0,2.0,1.0,1.0,2.0,255.0,0.0,255.0,0
3.0,3.0,2.0,0.5,1.5,255.0,0.0,255.0,0
2.0,2.0,1.0,1.0,2.0,255.0,0.0,255.0,0
2.0,2.0,2.0,0.5,1.0,255.0,0.0,255.0,0
3.0,2.0,2.0,0.75,1.0,255.0,0.0,255.0,1
2.0,2.0,2.0,0.5,1.0,255.0,0.0,255.0,0
2.0,2.0,2.0,0.5,1.0,255.0,0.0,255.0,0
2.0,2.0,2.0,0.5,1.0,255.0,0.0,255.0,0
